ID_Desc;Desc;ID_FR;475$a;475$e;Langue
3;armoiries;4671;coat.of.arms;;en
3;armoiries;4672;wappen;;de
3;armoiries;4673;arme;araldica;it
3;armoiries;4674;escudo.de.armas;;es
4;oeillet;11063;nelke;;de
4;oeillet;11064;clavel;;es
4;oeillet;11065;garofano;;it
4;oeillet;11066;carnation;flower;en
5;fraisier;10890;erdbeerstaude;;de
5;fraisier;10892;fresa;;es
5;fraisier;10895;fragola;;it
5;fraisier;10896;strawberry.plant;;en
7;lis;11012;lilie;;de
7;lis;11013;azucena;;es
7;lis;11014;giglio;;it
7;lis;11015;lily;;en
9;violette;11316;veilchen;;de
9;violette;11317;violeta;;es
9;violette;11318;violetta;;es
9;violette;11319;violet;;en
10;papillon;3736;butterfly;;en
10;papillon;3737;schmetterling;;de
10;papillon;3738;farfalla;;it
10;papillon;3739;mariposa;;es
13;pensée;11092;stiefmütterchen;;de
13;pensée;11093;pensamiento;planta;es
13;pensée;11094;viola.del.pensiero;;it
13;pensée;11095;pansy;;en
14;ancolie;10701;akelei;;de
14;ancolie;10702;aguilena;;es
14;ancolie;10703;aquilegia;;en
19;bateau;5596;boat;;en
19;bateau;5597;ship;;en
19;bateau;5598;boot;;en
19;bateau;5599;schiff;;de
19;bateau;5600;nave;;it
19;bateau;5601;barco;;es
25;île;5258;insel;;de
25;île;5259;island;;en
25;île;5260;isola;;it
25;île;5261;isla;;es
26;église;456;basilique;;fr
26;église;10116;church;;en
26;église;10117;iglesia;;es
26;église;10118;chiesa;;it
26;église;10119;kirche;;de
30;ange;4148;engel;;de
30;ange;4149;angel;;en
30;ange;4150;angelo;;it
31;tour;10231;turm;;de
31;tour;10232;torre;;it
31;tour;10233;tower;;en
33;cité;9870;city;;en
33;cité;9871;town;;en
33;cité;9872;ciudad;;es
33;cité;9873;città;;it
33;cité;9874;stadt;;de
34;fortifications;8222;fortification;;en
34;fortifications;8223;fortificacion;;es
34;fortifications;8224;fortificazione;;it
34;fortifications;8225;befestigungswerk;;de
38;puits;10205;brunnen;ausschöpfen;de
38;puits;10206;pozzo;;it
38;puits;10207;pozo;;es
38;puits;10208;well;;en
39;vase;8614;vaso;;es
39;vase;8616;florero;;es
41;couronne;9906;krone;;de
41;couronne;9907;corona;;es
41;couronne;9908;crown;;en
44;bouquetin;3020;steinbock;säugetier;de
44;bouquetin;3021;stambecco;;en
44;bouquetin;3022;ibex;;es
44;bouquetin;3023;ibice;;es
45;château;10051;castle;;en
45;château;10052;castillo;;es
45;château;10053;castello;;it
45;château;10054;schloss;;de
47;bannière;165;étendard;;fr
47;bannière;4678;banner;;en
47;bannière;4679;gonfalone;;it
47;bannière;4680;estandarte;;es
47;bannière;4681;bandera;;es
49;mouton;825;brebis;;fr
49;mouton;2888;schaf;;de
49;mouton;2889;pecora;;it
49;mouton;2890;sheep;;en
49;mouton;2891;oveja;;es
56;lion;2850;leone;;en
56;lion;2851;löwe;;de
56;lion;2852;leon;;en
64;colonne;10087;säule;;de
64;colonne;10089;colonna;;it
64;colonne;10091;columna;;es
64;colonne;10092;column;;en
77;gibet;553;potence;;fr
77;gibet;8031;galgen;;de
77;gibet;8032;horca;;es
77;gibet;8033;forca;;it
77;gibet;8034;gibbet;;de
84;chien;3068;cane;;it
84;chien;3069;hund;;de
84;chien;3070;dog;;en
84;chien;3071;perro;;es
92;bouc;3016;macho.cabrio;;es
92;bouc;3017;he.goat;;en
92;bouc;3018;capro;;it
92;bouc;3019;ziegenbock;;de
128;ceinture;8353;gürtel;;de
128;ceinture;8355;cintura;;es
128;ceinture;8357;belt;;en
133;casque;8175;helmet;;en
133;casque;8176;casco;;es
133;casque;8177;helm;;en
134;fourrure;8462;pelz;;de
134;fourrure;8463;pelliccia;;it
134;fourrure;8464;abrigo.de.piel;;es
134;fourrure;8465;fur;;en
135;s.jean.baptiste;1963;yahyâ;;fr
137;biche;3007;hirschkuh;;de
137;biche;3008;cerva;;en
137;biche;3009;doe;;en
137;biche;3010;cierva;;es
139;cor;295;olifant;;fr
139;cor;10268;horn;;en
139;cor;10269;corno;;it
139;cor;10270;cuerno;;es
141;meute;7203;jauria;;es
141;meute;7204;muta;;it
141;meute;7205;pack;dogs;en
145;croix;6334;kreuz;;de
145;croix;6335;cross;;en
145;croix;6336;croce;;it
145;croix;6337;cruz;;es
146;cierge;4502;church.candle;;en
146;cierge;4503;weihekerze;;de
146;cierge;4567;cero;;es
146;cierge;4568;cirio;;es
147;cadavre;9021;corpse;;en
147;cadavre;9022;cadaver;;en
147;cadavre;9023;cadavere;;it
147;cadavre;9024;leiche;;de
151;portrait;5428;porträt;;de
151;portrait;5429;ritratto;;it
151;portrait;5430;retrato;;es
152;orbe;3349;orb;globe;en
153;dieu;4174;god.the.father;;en
153;dieu;4175;gott.vater;;de
153;dieu;4176;dio.padre;;es
153;dieu;4177;iddio;;it
153;dieu;4178;dios.padre;;es
154;étoile;6436;stella;;it
154;étoile;6438;estrella;;es
154;étoile;6440;star;;en
154;étoile;6442;stern;;en
155;création;4282;schöpfung;;de
155;création;4283;creation;;en
155;création;4284;creazione;;it
155;création;4285;creacion;;es
158;ève;499;havâ;;fr
159;nudité;898;corps.humain;;fr
159;nudité;6754;nudity;;en
159;nudité;6755;nudità;;it
159;nudité;6756;nacktheit;;de
159;nudité;6757;desnudez;;es
160;sommeil;9327;schlaf;;de
160;sommeil;9328;sonno;;it
160;sommeil;9329;sueno;estado fisiologico;it
160;sommeil;9330;sleep;;en
162;cours.d'eau;301;fleuve;;fr
162;cours.d'eau;302;rivière;;fr
162;cours.d'eau;3361;river;;en
162;cours.d'eau;3362;strom;;de
162;cours.d'eau;3363;fluss;;de
162;cours.d'eau;3364;fiume;;it
162;cours.d'eau;3365;rio;;es
163;sol;1274;soleil;personnification;fr
164;taureau;1289;boeuf;;fr
164;taureau;2977;stier;;de
164;taureau;2978;bulle;;fr
164;taureau;2979;toro;;es
164;taureau;2980;bull;;en
165;dragon;8944;dragone;;it
165;dragon;8945;drache;;de
166;paon;4065;peacock;;en
166;paon;4066;pfau;;de
166;paon;4067;pavone;;it
166;paon;4068;pavo.real;;es
167;rapace;4141;raubvogel;;en
167;rapace;4142;rapaz;;es
167;rapace;4143;bird.of.prey;;en
169;trône;8603;thron;;de
169;trône;8604;trono;;it
169;trône;8605;throne;;en
170;nourrisson;8519;säugling;;de
170;nourrisson;8520;lattante;;it
170;nourrisson;8521;bebé;;es
170;nourrisson;8522;baby;;en
171;pavement;9949;pflastern;;de
171;pavement;9950;pavimentazione;;it
171;pavement;9951;pavimento;;it
171;pavement;9952;flooring;;en
173;armure;8141;armour;;en
173;armure;8142;armadura;;es
173;armure;8143;armatura;;it
173;armure;8144;rüstung;;de
174;roi;4624;king;;en
174;roi;4625;könig;;de
174;roi;4626;re;sovrano;it
174;roi;4627;rey;;es
175;sabre;1653;cimeterre;;en
175;sabre;1654;yatagan;;en
175;sabre;8301;säbel;;de
175;sabre;8302;sciabola;;it
175;sabre;8303;sable;arma;es
176;hybride;9160;hybrid;;en
176;hybride;9161;hibrido;;es
176;hybride;9162;ibrido;;it
177;coq;3904;cock;;en
177;coq;3905;hahn;vogel;de
177;coq;3906;gallo;;it
178;bouclier;173;écu;;fr
178;bouclier;8156;shield;;en
178;bouclier;8157;escudo;;es
178;bouclier;8158;scudo;;it
178;bouclier;8159;schild;;de
183;appareillage;9777;masonry;;en
183;appareillage;9778;aparejo;construcion;en
183;appareillage;9779;apparecchiatura;costruzione;it
183;appareillage;9780;bauweise;;de
184;voûte;10244;gewölbe;;de
184;voûte;10245;volta;;it
184;voûte;10246;boveda;;es
184;voûte;10247;vault;;en
187;s.marc;1173;s.jean.marc;évêque de byblos (27-9);fr
188;aigle;3814;eagle;;en
188;aigle;3815;adler;;en
188;aigle;3816;aquila;;it
188;aigle;3817;aguila;;es
191;bois;9783;holz;;de
191;bois;9784;madera;;es
191;bois;9785;legno;;it
191;bois;9786;wood;;en
191;bois;9787;timber;;en
194;apôtres;4443;apostles;;en
194;apôtres;4444;apostel;;de
194;apôtres;4445;apostoli;;it
194;apôtres;4446;apostoles;;es
195;christ;6162;cristo;;es
195;christ;6163;christus;;de
196;palissade;8280;palisade;;en
196;palissade;8281;palizzata;;it
196;palissade;8282;empalizada;;es
198;saint;1096;sainte;;fr
198;saint;4461;heiliger;;de
198;saint;4462;santo;;es
198;saint;4463;santa;;en
200;clergé;278;clerc;;fr
200;clergé;279;ecclésiastique;statut non identifié;fr
200;clergé;4894;clergy;;en
200;clergé;4895;geistlichkeit;;de
200;clergé;4896;clero;;es
202;planète;955;lune;astre;fr
202;planète;956;soleil;astre;fr
202;planète;7052;planet;;en
202;planète;7053;planeta;;es
202;planète;7054;pianeta;;it
204;zodiaque;7090;zodiac;;en
204;zodiaque;7091;zodiaco;;es
204;zodiaque;7092;tierkreis;;de
208;scorpion;3571;skorpion;;de
208;scorpion;3572;scorpione;;it
208;scorpion;3573;escorpion;;en
216;transparence;6971;duchsichtigkeit;;de
216;transparence;6972;transparencia;;es
216;transparence;6973;trasparenza;;it
217;coiffe;287;chapeau;civil;en
217;coiffe;288;chaperon;;fr
217;coiffe;289;hennin;;fr
217;coiffe;5462;haube;;de
217;coiffe;5463;headdress;;en
217;coiffe;5464;cuffia;;it
217;coiffe;5465;cofia;;es
217;coiffe;5466;tocado;;es
218;bélier;3003;carnero;;es
218;bélier;3004;ram;;en
218;bélier;3005;ariete;mammifero;it
218;bélier;3006;widder;;de
219;poissons;7055;pisces;;en
219;poissons;7056;pesci;costellazione;it
219;poissons;7057;piscis;constelacion;es
219;poissons;7058;fische;sternbild;de
222;cancer;6845;krebs;sternbild;de
222;cancer;6846;cancro;costellazione;it
223;feu;5331;feuer;;de
223;feu;5332;fire;;en
223;feu;5333;fuoco;;it
223;feu;5334;fuego;;es
224;sagittaire;7070;sagittarius;;en
224;sagittaire;7071;sagitario;;es
224;sagittaire;7072;sagittario;;it
224;sagittaire;7073;schütze;;de
225;arc;7104;bow;;en
225;arc;7105;arco;;es
225;arc;7106;bogen;;de
227;capricorne;6847;capricorn;;en
227;capricorne;6848;capricorno;;it
227;capricorne;6849;steinbock;sternbild;de
227;capricorne;6850;capricornio;;es
228;verseau;7086;wassermann;;de
228;verseau;7087;acquario;;it
228;verseau;7088;acuario;;es
228;verseau;7089;aquarius;;en
229;gémeaux;7014;gemini;;en
229;gémeaux;7015;gemelli;;it
229;gémeaux;7016;geminis;;es
229;gémeaux;7017;zwillinge;;de
230;vierge;7097;virgo;;en
230;vierge;7098;vergine;costellazione;it
230;vierge;7099;jungfrau;sternbild;de
231;balance;158;poids;;fr
231;balance;7291;waage;;de
231;balance;7292;balanza;;es
231;balance;7293;bilancia;;it
231;balance;7294;scales;;en
234;épée;8200;schwert;;de
234;épée;8201;spada;;it
234;épée;8202;espada;;es
234;épée;8203;sword;;en
236;camp;4697;lager;;de
236;camp;4698;campo;;es
266;turban;8609;turbante;;es
270;chameau;3041;camello;;es
270;chameau;3042;camel;;en
270;chameau;3043;cammello;;it
270;chameau;3044;kamel;;de
271;cavalier;5723;reiter;;de
271;cavalier;5724;cavaliere;;it
271;cavalier;5725;rider;;en
271;cavalier;5726;jinete;;es
272;fouet;7939;whip;;en
272;fouet;7940;frusta;;it
272;fouet;7941;latigo;;es
272;fouet;7943;azotes;;es
272;fouet;7944;peitsche;;de
273;pigmentation;9856;pigmentacion;piel;es
273;pigmentation;9857;pigmentazione;pelle;it
292;éléphant;3094;elefante;;es
292;éléphant;3095;elefant;;de
292;éléphant;3096;elephant;;en
299;crète;397;candie;île;fr
301;perroquet;4077;parrot;;en
301;perroquet;4078;papagei;;de
301;perroquet;4079;pappagallo;;it
301;perroquet;4080;loro;;it
323;autel;4477;altar;;en
323;autel;4543;altare;;it
342;prière;5147;prayer;;en
342;prière;5148;gebet;;de
342;prière;5149;preghiera;;it
342;prière;5150;oracion;;es
352;cheval;3060;pferd;;de
352;cheval;3061;cavallo;;it
352;cheval;3062;horse;;en
352;cheval;3063;caballo;;es
360;rois.mages;1088;mages;premiers adorateurs de jésus;fr
362;harnais;624;caparaçon;;es
362;harnais;625;selle;;fr
362;harnais;626;étrier;;fr
362;harnais;627;mors;pièce de harnais;fr
362;harnais;628;frein;;fr
362;harnais;5754;harness;;en
362;harnais;5755;geschirr;;de
362;harnais;5756;bardatura;;it
362;harnais;5757;arreos;;es
364;barque;5593;small.boat;;en
364;barque;5594;kahn;;en
364;barque;5595;barca;;it
371;poisson;3500;fish;;en
371;poisson;3501;fisch;;de
371;poisson;3502;pesce;;it
371;poisson;3503;pez;;es
372;perle;9528;perla;;it
372;perle;9529;pearl;;en
373;faucon;529;émerillon;;fr
373;faucon;3963;falcon;;en
373;faucon;3964;hawk;;en
373;faucon;3965;falke;;de
373;faucon;3966;falco;;it
373;faucon;3967;halcon;;es
376;musicien;10311;musician;;en
376;musicien;10313;musicista;;it
376;musicien;10315;musico;;es
376;musicien;10316;musiker;;de
378;flûte;536;flageolet;;en
378;flûte;537;nay;;fr
378;flûte;10277;flute;;en
378;flûte;10279;flauta;;es
378;flûte;10281;flauto;;it
378;flûte;10285;flöte;;de
379;psaltérion;10325;psalter;musikinstrument;de
379;psaltérion;10326;salterio;;es
379;psaltérion;10327;psaltery;;en
380;statue;1111;sculpture;;en
380;statue;9976;estatua;;es
380;statue;9978;statua;;it
384;armée;4667;army;;en
384;armée;4668;heer;;de
384;armée;4669;esercito;;it
384;armée;4670;ejercito;;es
385;lance;7197;lanze;;de
385;lance;7198;speer;;en
385;lance;7199;lanza;;es
385;lance;7200;lancia;;it
385;lance;7201;spear;;en
386;dais;400;baldaquin;;fr
386;dais;401;ciel.de.lit;;fr
386;dais;5479;baldachin;;en
386;dais;5480;canopy;;en
386;dais;5481;baldacchino;;it
386;dais;5482;baldaquino;;fr
389;couteau;10495;messer;;de
389;couteau;10496;cuchillo;;es
389;couteau;10497;coltello;;it
389;couteau;10498;knife;;en
391;grotte;560;caverne;;fr
391;grotte;5253;höhle;;de
391;grotte;5254;cave;;en
391;grotte;5255;grotta;;it
391;grotte;5256;cueva;;es
396;combat;6651;fight;;en
396;combat;6652;combattimento;;it
396;combat;6653;kampf;;de
396;combat;6654;combate;;es
397;grue;561;baléarique;;fr
397;grue;3999;crane;;en
397;grue;4000;kranich;;de
397;grue;4001;gru;;it
397;grue;4002;grulla;;es
398;ruse;1061;tromperie;;fr
398;ruse;6806;trick;;en
398;ruse;6807;astuzia;;it
398;ruse;6808;arglist;;de
398;ruse;6809;astucia;;es
400;reine;4611;queen;;en
400;reine;4612;königin;;de
400;reine;4613;regina;;en
400;reine;4614;reina;;es
402;rocher;5299;felsen;;de
402;rocher;5300;rock;;en
402;rocher;5301;roccia;;it
402;rocher;5302;roca;;es
404;serpent;3258;snake;;en
404;serpent;3259;schlange;;de
404;serpent;3260;serpente;;it
404;serpent;3261;serpiente;;es
405;oiseau;918;passereau;non identifié;fr
405;oiseau;3907;pajaro;;es
405;oiseau;3908;ave;;en
405;oiseau;3909;uccello;;it
405;oiseau;3910;vogel;;de
405;oiseau;3911;bird;;en
407;alexandre;75;alexandre.le.grand;;fr
407;alexandre;76;alexandre.3;roi de macédoine;fr
407;alexandre;77;iskandar;;fr
409;numéraire;899;monnaie;;fr
409;numéraire;900;pièce.de.monnaie;;fr
409;numéraire;901;argent;monnaie;fr
409;numéraire;7762;münze;;de
409;numéraire;7763;moneta;;it
409;numéraire;7764;moneda;;es
409;numéraire;7765;money;;en
410;enfant.de.choeur;4924;altar.boy;;en
410;enfant.de.choeur;4925;ministrant;;de
410;enfant.de.choeur;4926;chierichetto;;it
410;enfant.de.choeur;4927;monaguillo;;es
411;moniale;4959;nun;;de
411;moniale;4960;klosterfrau;;de
411;moniale;4961;monaca;;it
411;moniale;4962;monja;;es
412;crosse;4514;crosier;;en
412;crosse;4515;krummstab;;de
412;crosse;4548;pastorale;;it
412;crosse;4549;baculo;;es
414;sirène;6485;mermaid;;en
414;sirène;6487;sirena;;es
414;sirène;6489;meerfrau;;de
422;arbre;10709;baum;;de
422;arbre;10710;arbol;;es
422;arbre;10711;albero;;it
422;arbre;10712;tree;;en
424;cardinal;4854;kardinal;;de
424;cardinal;4855;cardinale;;it
426;pape;4966;pope;;en
426;pape;4967;papst;;de
426;pape;4968;papa;;it
427;fauteuil;10524;armchair;;en
427;fauteuil;10525;poltrona;;it
427;fauteuil;10526;sillon;asiento;es
427;fauteuil;10527;sessel;;de
429;plafond;10192;ceiling;;en
429;plafond;10193;techo;;es
429;plafond;10194;soffitto;;it
429;plafond;10195;decke;;de
430;égorgement;8013;cutting.the.throat;;en
430;égorgement;8014;sgozzatura;;it
430;égorgement;8015;degollacion;;es
430;égorgement;8016;kehlenschnitt;;de
431;cochon;283;porc;;fr
431;cochon;3072;cerdo;;es
431;cochon;3073;pig;;en
431;cochon;3074;maiale;;it
431;cochon;3075;schwein;;de
432;table;10629;tavolo;;it
432;table;10631;mesa;;es
432;table;10633;tisch;;de
433;chaussure;269;botte;;it
433;chaussure;8392;shoe;;en
433;chaussure;8393;zapato;;es
433;chaussure;8394;scarpa;;it
433;chaussure;8395;schuh;;de
434;fable;5854;fabel;;de
434;fable;5855;favola;;it
434;fable;5856;fabula;;it
435;sac;10613;sack;;en
435;sac;10615;saco;;es
435;sac;10617;sacco;;it
435;sac;10619;bag;;en
436;poignard;7225;dagger;;en
436;poignard;7226;pugnale;;it
436;poignard;7227;punal;;en
436;poignard;7228;dolch;;de
437;porteur;7436;portefaix;;fr
437;porteur;7817;träger;;de
437;porteur;7818;portatore;;it
437;porteur;7819;porteador;;es
437;porteur;7820;bearer;;en
438;repas;1053;banquet;;en
438;repas;1054;festin;;fr
438;repas;1055;nourriture;;fr
438;repas;8548;mahl;;de
438;repas;8549;pasto;;it
438;repas;8550;comida;;es
438;repas;8551;meal;;en
439;nappe;10575;tischtuch;oder altardecke;de
439;nappe;10576;mantel;o sabanilla;es
439;nappe;10577;sabanilla;o mantel;es
439;nappe;10578;altardecke;oder tischtuch;de
439;nappe;10579;tovaglia;;it
439;nappe;10580;tablecloth;or altarclocth;en
439;nappe;10581;altarclocth;or tablecloth;en
444;coussin;303;oreiller;;fr
444;coussin;5467;kissen;;de
444;coussin;5468;cushion;;en
444;coussin;5469;cuscino;;it
444;coussin;5470;cojin;;es
445;empereur;4762;emperor;;en
445;empereur;4763;kaiser;;en
445;empereur;4764;imperatore;;it
445;empereur;4765;emperador;;es
446;juge;690;alcade;;fr
446;juge;691;cadi;;it
446;juge;8069;richter;;de
446;juge;8070;giudice;;it
446;juge;8071;juez;;es
446;juge;8072;judge;;en
447;prisonnier;969;captivité;hommes;fr
447;prisonnier;4603;prisoner;;en
447;prisonnier;4604;gefangener;;de
447;prisonnier;4605;prigioniero;;it
447;prisonnier;4606;preso;;it
448;corde;7415;rope;;en
448;corde;7417;corda;;it
448;corde;7419;cuerda;;es
448;corde;7421;seil;;de
449;banc;10380;bank;;en
449;banc;10381;banco;;es
449;banc;10382;panca;;it
449;banc;10383;bench;;en
451;étoffe;2166;tissu;;fr
451;étoffe;5495;stoff;;de
451;étoffe;5496;fabric;;en
451;étoffe;5497;stoffa;;it
451;étoffe;5498;tela;;es
452;tapis;5535;teppich;;de
452;tapis;5536;carpet;;en
452;tapis;5537;tappeto;;it
452;tapis;5538;alfombra;;es
453;rideau;5523;gardine;;de
453;rideau;5524;curtain;;en
453;rideau;5525;tenda;;it
453;rideau;5526;cortina;;es
455;paysage;6766;paisaje;;es
455;paysage;6767;landschaft;;de
455;paysage;6769;paesaggio;;it
455;paysage;6771;landscape;;en
459;gardien;7539;wächter;;de
459;gardien;7540;vigilante;;es
459;gardien;7541;guardia.carceraria;;it
459;gardien;7542;warder;;en
459;gardien;8045;custode;;it
460;enfant;6676;nino;;en
460;enfant;6677;kind;;en
460;enfant;6678;bambino;;it
460;enfant;6679;child;;en
461;éperon;5746;spur;;en
461;éperon;5747;sporn;;en
461;éperon;5748;sprone;;it
461;éperon;5749;espuela;;en
462;troupeau;3171;flock;;en
462;troupeau;3172;herde;;de
462;troupeau;3173;gregge;;it
462;troupeau;3174;rebano;;es
462;troupeau;3175;manada;;es
462;troupeau;5212;herd;;en
463;pasteur;944;berger;;en
463;pasteur;945;vacher;;fr
463;pasteur;946;bouvier;gardien de boeufs;fr
463;pasteur;8882;hirt;;de
463;pasteur;8883;pastore;;it
463;pasteur;8884;pastor;;en
463;pasteur;8885;shepherd;;en
464;coupole;10097;kuppel;;de
464;coupole;10098;cupola;;it
464;coupole;10099;cupula;;es
464;coupole;10100;dome;cupola;it
465;portail;10200;pforte;;de
465;portail;10201;portale;;it
465;portail;10203;portal;;en
465;portail;10204;portada;;es
471;tenture;1291;tapisserie.murale;;fr
471;tenture;5543;behang;;de
471;tenture;5544;hanging;;en
471;tenture;5545;parato;;it
471;tenture;5546;colgadura;;es
472;cour;4728;court;;en
472;cour;4729;corte;;es
472;cour;4730;hofstaat;;de
473;siège;4640;siege;;en
473;siège;4641;belagerung;;de
473;siège;4642;assedio;;it
473;siège;4643;sitio;;es
474;arbalète;8134;crossbow;;en
474;arbalète;8135;ballesta;;es
474;arbalète;8136;balestra;;it
474;arbalète;8137;armbrust;;de
475;trompette;10344;trumpet;;en
475;trompette;10345;tromba;;it
475;trompette;10346;trompeta;;es
475;trompette;10347;trompete;;de
476;héraut;4825;herald;;en
476;héraut;4826;heraldo;;es
476;héraut;4827;araldo;;it
476;héraut;4828;herold;;de
477;canon;249;bombarde;;fr
477;canon;250;couleuvrine;;fr
477;canon;8164;cannon;;en
477;canon;8167;cannone;;it
477;canon;8169;kanone;;de
478;lapidation;8076;steinigung;;de
478;lapidation;8077;lapidazione;;it
478;lapidation;8078;lapidacion;;es
478;lapidation;8079;stoning;;en
480;vêtement;8622;kleid;;de
480;vêtement;8623;vestito;;it
480;vêtement;8624;prenda;;es
480;vêtement;8625;ropa;;es
480;vêtement;8626;clothing;;en
481;tabouret;10635;hocker;;de
481;tabouret;10636;taburete;;es
481;tabouret;10637;sgabello;;it
481;tabouret;10638;stool;;en
483;jeu;9673;game;;en
483;jeu;9674;juego;;es
483;jeu;9675;gioco;;it
483;jeu;9676;spiel;;de
487;assemblée;24;conseil;réunion;fr
487;assemblée;6621;asamblea;;es
487;assemblée;6622;versammlung;;de
487;assemblée;6623;assemblea;;it
487;assemblée;6624;meeting;;en
488;pâmoison;939;évanouissement;;fr
488;pâmoison;9244;fainting;;en
488;pâmoison;9245;desmayo;;es
488;pâmoison;9246;svenimento;;it
488;pâmoison;9247;ohnmacht;;de
489;décor;5387;verzierung;;de
489;décor;5388;decor;;en
489;décor;5389;arredamento;;it
489;décor;5390;decoracion;;es
490;miracle;4199;wunder;;de
490;miracle;4200;miracolo;;it
490;miracle;4201;milagro;;es
491;hommage;6706;homage;;en
491;hommage;6707;omaggio;;it
491;hommage;6708;lehnspflicht;;de
491;hommage;6709;huldigung;;de
491;hommage;6710;homenaje;;es
492;seigneur;4628;lord;;en
492;seigneur;4629;herr;;de
492;seigneur;4630;signore;;it
492;seigneur;4631;senor;;en
495;scribe;2359;copiste;;fr
495;scribe;5905;copyist;;en
495;scribe;5906;schreiber;;de
495;scribe;5907;copista;;it
495;scribe;5908;escriba;;es
498;fermail;531;agrafe;bijou;fr
498;fermail;532;broche;bijou;fr
498;fermail;8455;spange;;de
498;fermail;8456;fermaglio;;it
498;fermail;8457;brooch;;en
499;source;3370;spring;of a river;en
499;source;3371;quelle;;it
499;source;3372;sorgente;;it
499;source;3373;fonte;;it
499;source;3374;fuente;;es
500;lamentation;6732;lamento;;es
500;lamentation;6733;jammern;;de
502;maison;10175;house;;en
502;maison;10176;casa;;es
502;maison;10177;haus;;de
503;rapt;1047;enlèvement;rapt;en
503;rapt;6799;abduction;;en
503;rapt;6800;ratto;;it
503;rapt;6801;entführung;;de
503;rapt;6802;rapto;;es
505;âne;2986;esel;;de
505;âne;2987;asino;;it
505;âne;2988;donkey;;en
505;âne;2989;asno;;es
506;dispute;6673;quarrel;;en
506;dispute;6674;disputa;"alterco; altercado";es
506;dispute;6675;streit;;de
507;blessure;9005;wound;;en
507;blessure;9006;herida;;es
507;blessure;9007;ferita;;it
507;blessure;9008;wunde;;de
508;pêche;7210;fischerei;;de
508;pêche;7213;pesca;;es
508;pêche;7216;fishing;;en
511;bénédiction;5034;blessing;;en
511;bénédiction;5035;segnung;;de
511;bénédiction;5036;benedizione;;it
511;bénédiction;5037;bendicion;;es
514;cheminée;10055;kamin;und schornstein;de
514;cheminée;10056;schornstein;und kamin;de
514;cheminée;10057;camino;;es
514;cheminée;10058;chimenea;;es
514;cheminée;10059;chimney;and fireplace;en
514;cheminée;10060;fireplace;and chimney;en
515;vision;1359;apparition;;fr
515;vision;3811;erscheinung;;de
515;vision;3812;visione;;it
515;vision;3813;aparicion;;es
516;toit;10223;dach;;de
516;toit;10224;tetto;;it
516;toit;10225;tejado;;es
516;toit;10226;roof;;en
517;remplage;10213;masswerk;;en
517;remplage;10214;tracery;;en
517;remplage;10215;traceria;ventana;es
518;ermite;4928;hermit;;en
518;ermite;4929;einsiedler;;de
518;ermite;4930;eremita;;it
518;ermite;4931;ermitano;;es
519;cloche;10068;bell;;en
519;cloche;10071;campana;;es
519;cloche;10075;glocke;;de
521;cabane;240;hutte;;fr
521;cabane;241;case;;en
521;cabane;10033;hut;;en
521;cabane;10034;log.cabin;;en
521;cabane;10035;chabola;;es
521;cabane;10036;choza;;es
521;cabane;10037;capanna;;it
521;cabane;10038;hütte;;de
523;serviteur;1106;servidor;;es
523;serviteur;6561;diener;;de
523;serviteur;6562;servo;;en
523;serviteur;6565;servant;;en
525;bastonnade;6632;beating;;en
525;bastonnade;6633;bastonatura;;it
525;bastonnade;6634;prügel;;de
525;bastonnade;6635;apaleamiento;;es
527;lit;10551;bett;;de
527;lit;10552;cama;;es
527;lit;10553;letto;;it
527;lit;10554;bed;;en
528;lampe;10544;lampara;;es
528;lampe;10545;lampada;;it
528;lampe;10546;lamp;;en
529;bourse;10411;purse;;en
529;bourse;10412;borsa;;it
529;bourse;10413;monedero;;es
529;bourse;10414;geldbeutel;;de
530;voleur;1362;brigand;;fr
530;voleur;1363;larron;;fr
530;voleur;6594;thief;;en
530;voleur;6595;ladro;;it
530;voleur;6596;dieb;;de
530;voleur;6597;ladron;;es
532;pendaison;8104;hanging;;en
532;pendaison;8105;ahorcamiento;;es
532;pendaison;8106;impiccagione;;it
532;pendaison;8107;aufhängen;;de
533;exécution;7957;hinrichtung;;de
533;exécution;7960;ejecucion;;es
533;exécution;7961;esecuzione;;it
533;exécution;7962;execution;;en
534;loup;2857;lupo;;it
534;loup;2858;wolf;;en
534;loup;2859;lobo;;es
535;flambeau;534;tison;;en
535;flambeau;535;torche;;fr
535;flambeau;10532;torch;;en
535;flambeau;10533;fiaccola;;it
535;flambeau;10534;antorcha;;es
535;flambeau;10535;fackel;;de
537;jardinier;7566;gardener;;en
537;jardinier;7568;giardiniere;;it
537;jardinier;7570;jardinero;;es
537;jardinier;7572;gärtner;;de
538;chapel;8384;floral.crown;;en
538;chapel;8385;corona.de.flores;;es
538;chapel;8386;corona.di.fiori;;it
538;chapel;8387;blumenkranz;;de
541;masse.d'armes;8252;mace;;en
541;masse.d'armes;8254;maza.de.armas;;es
541;masse.d'armes;8256;mazza.d'arme;;it
541;masse.d'armes;8259;streithammer;;de
543;princesse;6777;princesa;;es
543;princesse;6779;prinzessin;;de
543;princesse;6780;principessa;;it
543;princesse;6781;princess;;en
545;collier;8409;halsband;;de
545;collier;8411;collana;;it
545;collier;8413;collar;;en
545;collier;8415;necklace;;en
548;bataille;4682;battle;;en
548;bataille;4683;schlacht;;de
548;bataille;4684;battaglia;;it
548;bataille;4685;batalla;;es
550;messager;6738;messenger;;en
550;messager;6739;messaggero;;it
550;messager;6740;bote;;de
550;messager;6741;mensajero;;es
551;funérailles;541;obsèques;;fr
551;funérailles;8477;leichenbegängnis;;de
551;funérailles;8478;funerale;;it
551;funérailles;8479;funeral;;en
552;croix.de.procession;4512;processional.cross;;en
552;croix.de.procession;4513;prozessionskreuz;;de
552;croix.de.procession;4576;croce.processionale;;it
552;croix.de.procession;4577;cruz.procesional;;es
553;brancard;177;civière;;fr
553;brancard;5703;stretcher;;en
553;brancard;5704;trage;;de
553;brancard;5705;barella;;it
553;brancard;5706;camilla;;es
555;dépouille;9085;mortal.remains;;en
555;dépouille;9086;restos.mortales;;es
555;dépouille;9087;spoglia.mortale;;it
555;dépouille;9088;sterbliche.hülle;;de
557;chapelet;261;tasbîh;;fr
557;chapelet;4495;rosary;;en
557;chapelet;4496;rosenkranz;;de
557;chapelet;4561;rosario;;es
559;fenêtre;10136;fenster;;de
559;fenêtre;10137;finestra;;it
559;fenêtre;10138;ventana;;es
559;fenêtre;10139;window;;en
562;fer.à.cheval;5750;horseshoe;;en
562;fer.à.cheval;5751;hufeisen;;de
562;fer.à.cheval;5752;ferro.da.cavallo;;it
562;fer.à.cheval;5753;herradura;;es
564;écuyer;7469;knappe;;de
564;écuyer;7470;escudero;;es
564;écuyer;7471;scudiero;;it
564;écuyer;7472;squire;;en
566;tente;8587;zelt;;de
566;tente;8588;tenda;;it
566;tente;8589;tienda;;es
566;tente;8590;tent;;en
567;hallebarde;8244;halberd;;en
567;hallebarde;8245;alabarda;;en
567;hallebarde;8246;hellebarde;;de
568;supplice;1113;torture;;en
568;supplice;6582;suplicio;;es
568;supplice;6583;folterung;;de
568;supplice;6584;pein;;de
568;supplice;6585;supplizio;;it
568;supplice;8012;torment;;en
569;brûlure;9017;brandwunde;;de
569;brûlure;9018;scottatura;;it
569;brûlure;9019;quemadura;;es
569;brûlure;9020;burn;;en
574;chèvre;3024;cabra;;es
574;chèvre;3025;she.goat;;en
574;chèvre;3026;capra;;it
574;chèvre;3027;ziege;;de
575;palais;10182;palast;;de
575;palais;10183;palazzo;;it
575;palais;10184;palacio;;es
575;palais;11325;palace;;en
578;broc;179;cruche;;fr
581;étagère;7490;shelf;;en
581;étagère;7491;scansia;;it
581;étagère;7494;repisa;;es
581;étagère;7495;wandbrett;;en
583;bouteille;10415;flasche;;de
583;bouteille;10416;botella;;es
583;bouteille;10417;bottiglia;;it
583;bouteille;10418;bottle;;en
585;métamorphose;3808;metamorphosis;;en
585;métamorphose;3809;metamorfosi;;it
585;métamorphose;3810;metamorfosis;;es
586;verrou;9971;riegel;;de
586;verrou;9972;catenaccio;;it
586;verrou;9973;cerrojo;;es
586;verrou;9974;bolt;;en
587;végétation;11306;vegetation;;en
587;végétation;11307;vegetazione;;it
587;végétation;11308;vegetacion;;es
587;végétation;11309;pflanzenwuchs;;de
588;lévrier;2842;levriere;;it
588;lévrier;2843;greyhound;;en
588;lévrier;2844;windhund;;de
588;lévrier;2845;galgo;;es
590;collier.de.chien;8410;halsband.eines.hundes;;de
590;collier.de.chien;8412;collare.del.cane;;it
590;collier.de.chien;8414;collar.para.perro;;es
590;collier.de.chien;8416;dog.collar;;en
591;ambon;10;chaire;prêche;fr
591;ambon;4472;ambo;;it
591;ambon;4473;pulpit;;en
591;ambon;4474;kanzel;;de
591;ambon;4538;ambone;;it
591;ambon;4539;pulpito;;it
593;chasse;7136;jagd;;de
593;chasse;7137;caza;;es
593;chasse;7138;caccia;;it
593;chasse;7139;hunting;;en
596;accident;5687;unfall;;de
596;accident;5688;incidente;;it
596;accident;5689;accidente;;es
598;enseignement;5847;education;;en
598;enseignement;5848;lehren;;de
598;enseignement;5849;insegnamento;;it
598;enseignement;5850;ensenanza;;es
599;codex;285;livre;;fr
599;codex;286;reliure;;fr
599;codex;5818;book;;en
599;codex;5819;buch;;de
599;codex;5820;kodex;;de
599;codex;5821;libro;;es
599;codex;5822;codice;;it
600;philosophe;5875;philosopher;;en
600;philosophe;5876;philosoph;;de
600;philosophe;5877;filosofo;;it
605;décapitation;404;décollation;;fr
605;décapitation;7986;beheading;;en
605;décapitation;7987;decapitazione;;it
605;décapitation;7988;decapitacion;;es
605;décapitation;7989;enthauptung;;de
606;galerie;10148;gallery;;en
606;galerie;10149;galeria;;es
606;galerie;10150;galleria;;it
607;amputation;12;mutilation;;en
607;amputation;8975;amputacion;;es
607;amputation;8976;amputazione;;it
609;morsure;9200;biss;;de
609;morsure;9201;morso;cane, serpente...;it
609;morsure;9202;mordedura;;es
609;morsure;9203;picotazo;;es
609;morsure;9204;bite;dog, snake...;en
610;jugement;6504;juicio;;es
610;jugement;6506;urteil;;de
610;jugement;6508;giudizio;;it
610;jugement;6510;trial;;en
610;jugement;6511;judgment;;en
611;grille;9929;reja;;es
611;grille;9930;cancela;;es
611;grille;9931;grata;;it
611;grille;9932;inferriata;;en
611;grille;9933;gitter;;de
617;vengeance;6586;revenge;;en
617;vengeance;6587;vendetta;;it
617;vengeance;6588;rache;;de
617;vengeance;6589;venganza;;es
620;orfèvrerie;7771;goldschmiedekunst;;de
620;orfèvrerie;7773;oreficeria;;it
620;orfèvrerie;7775;orfebreria;;es
620;orfèvrerie;7777;gold.plate;;en
626;chaîne;7972;kette;;de
626;chaîne;7973;cadena;;es
626;chaîne;7974;catena;;it
626;chaîne;7975;chain;;en
628;évêque;469;archevêque;;fr
628;évêque;470;métropolite;;fr
628;évêque;471;patriarche;membre du clergé;fr
628;évêque;4932;bishop;;en
628;évêque;4933;bischof;;de
628;évêque;4934;vescovo;;it
628;évêque;4935;obispo;;es
630;fers;8027;irons;;en
630;fers;8028;ferri;;it
630;fers;8029;grilletes;;es
630;fers;8030;fesseln;;de
631;amoureux;6613;enamorado;;es
631;amoureux;6614;verliebter;;de
631;amoureux;6615;innamorato;;it
631;amoureux;6616;lover;;en
634;gant;8485;handschuh;;de
634;gant;8486;guanto;;it
634;gant;8487;guante;;es
634;gant;8488;glove;;en
636;relief;1049;bas.relief;;fr
636;relief;1050;haut.relief;;fr
636;relief;9961;relieve;escultura;es
636;relief;9962;rilievo;;it
637;bijou;8332;jewel;;en
637;bijou;8333;joya;;es
637;bijou;8334;gioiello;;it
637;bijou;8335;schmuck;;de
648;fuite;6202;flucht;;de
648;fuite;6204;flight;;en
648;fuite;6206;fuga;;it
648;fuite;6208;huida;;es
649;allégorie;8910;allegory;;en
649;allégorie;8911;alegoria;;es
649;allégorie;8912;allegoria;;it
651;emblème;463;attribut;;fr
651;emblème;8920;emblem;;en
651;emblème;8921;emblema;;es
655;sandale;8555;sandalo;scarpa;it
655;sandale;8556;sandalia;;es
655;sandale;8557;sandal;;en
659;orgue;10318;orgel;;de
659;orgue;10319;organo;;it
659;orgue;10320;organ;;en
664;supplication;6579;supplica;;it
664;supplication;6580;anflehung;;de
664;supplication;6581;suplica;;es
667;raison;1065;sens;personnification;fr
670;marteau;7725;hammer;;en
670;marteau;7726;martillo;;es
670;marteau;7727;martello;;it
673;canard;3858;duck;;en
673;canard;3859;ente;;it
673;canard;3860;anatra;;it
673;canard;3861;pato;;es
674;faisan;3960;pheasant;;en
674;faisan;3961;fasan;;de
674;faisan;3962;fagiano;;it
675;huppe;4018;hoopoe;;en
675;huppe;4019;wiedehopf;;de
675;huppe;4020;upupa;;en
675;huppe;4021;abubilla;;es
676;perdrix;4073;partridge;;en
676;perdrix;4074;rebhuhn;;de
676;perdrix;4075;pernice;;it
676;perdrix;4076;perdiz;;es
677;chardonneret;3873;goldfinch;;en
677;chardonneret;3874;distelfink;;de
677;chardonneret;3875;cardellino;;it
677;chardonneret;3876;jilguero;;es
681;lecture;5861;reading;;en
681;lecture;5862;lesen;;de
681;lecture;5863;lectura;;es
681;lecture;5864;lettura;;it
683;couronnement;4731;coronation;;en
683;couronnement;4732;krönung;;de
683;couronnement;4733;incoronazione;;it
683;couronnement;4734;coronacion;;es
684;croix.d'autel;4510;altar.cross;;en
684;croix.d'autel;4511;altarkreuz;;de
684;croix.d'autel;4574;croce.d'altare;;it
684;croix.d'autel;4575;cruz.de.altar;;es
688;arche;4159;bundeslade;;de
688;arche;4160;ark.of.the.covenant;;en
688;arche;4161;arca.dell'alleanza;;it
688;arche;4162;arca.de.la.alianza;;es
718;hache;7546;beil;;de
718;hache;7548;hacha;;es
718;hache;7550;scure;;it
718;hache;7552;axe;cutting tool;en
719;orgueil;930;superbe;;fr
725;crochet;7435;hook;;en
725;crochet;7437;gancio;;it
725;crochet;7438;gancho;;es
725;crochet;7439;haken;;de
726;colombe;3896;dove;;it
726;colombe;3897;friedenstaube;;de
726;colombe;3898;colomba;;it
726;colombe;3899;paloma;;es
728;cygne;3936;swan;;en
728;cygne;3937;schwan;;de
728;cygne;3938;cigno;;it
728;cygne;3939;cisne;;es
730;dressage;7152;taming;;en
730;dressage;7153;breaking.in;;en
730;dressage;7154;addestramento;;it
730;dressage;7155;amaestramiento;;es
730;dressage;7156;doma;;es
730;dressage;7157;abrichten;;de
731;cerf;3034;ciervo;;es
731;cerf;3035;stag;;en
731;cerf;3036;cervo;;it
731;cerf;3037;hirsch;;en
732;captivité;7122;captivity;animals;en
732;captivité;7123;cattivita;;it
732;captivité;7124;cautiverio;animales;es
732;captivité;7125;gefangenschaft;tiere;de
739;écuelle;454;assiette;;fr
744;chaudron;268;marmite;;fr
744;chaudron;7376;cauldron;;en
744;chaudron;7379;paiolo;;en
744;chaudron;7380;caldero;;es
744;chaudron;7383;kessel;;de
759;renard;2942;fuchs;;de
759;renard;2943;volpe;;it
759;renard;2944;fox;;en
759;renard;2945;zorro;;es
768;bougeoir;10395;handleuchter;;en
768;bougeoir;10397;palmatoria;;es
768;bougeoir;10399;bugia;;it
768;bougeoir;10401;candleholder;;en
776;lapin;2837;coniglio;;it
776;lapin;2838;rabbit;;en
776;lapin;2839;kaninchen;;de
776;lapin;2840;conejo;;es
787;s.pierre;1191;shim'ûn;;fr
794;moine;4955;monk;;en
794;moine;4956;mönch;;de
794;moine;4957;monaco;frate;it
794;moine;4958;monje;;es
797;abbé;4829;abbot;;en
797;abbé;4830;abt;;en
797;abbé;4831;abate;;it
797;abbé;4832;abad;;es
798;liturgie;5107;liturgy;;en
798;liturgie;5108;liturgia;;it
799;sacrement;5174;sacrament;;en
799;sacrement;5175;sakrament;;de
799;sacrement;5176;sacramento;;en
801;calice;4487;chalice;;en
801;calice;4488;kelch;;de
801;calice;4555;caliz;;es
802;hostie;5093;host;;en
802;hostie;5094;ostia;eucarestia;it
802;hostie;5095;hostia;;es
807;sanglier;2959;jabali;;es
807;sanglier;2960;boar;;en
807;sanglier;2961;cinghiale;;it
807;sanglier;2962;eber;;de
808;ours;2915;bär;;de
808;ours;2916;orso;;it
808;ours;2917;oso;;es
808;ours;2918;bear;;en
810;échassier;3944;wading.bird;;en
810;échassier;3945;stelzvögel;;de
810;échassier;3946;trampolieri;;it
810;échassier;3947;zancuda;;es
811;quadrupède;2936;vierfüssler;;de
811;quadrupède;2937;quadruped;;en
811;quadrupède;2938;cuadrupedo;;es
813;monstre;8961;ungeheuer;;de
813;monstre;8963;mostro;;it
813;monstre;8965;monstruo;;es
813;monstre;8967;monster;;en
816;arme;8138;waffe;;de
816;arme;8139;arma;;es
816;arme;8140;weapon;;en
818;éros;495;cupidon;;fr
819;carquois;7126;köcher;;de
819;carquois;7127;carcaj;;es
819;carquois;7128;faretra;;it
819;carquois;7129;quiver;;en
828;canne;7114;stock;;en
828;canne;7116;baston;;es
828;canne;7119;bastone;;it
828;canne;7121;walking.stick;;en
829;prêtre;968;archiprêtre;;fr
829;prêtre;4975;priest;;en
829;prêtre;4976;priester;;de
829;prêtre;4977;prete;;it
829;prêtre;4978;sacerdote;;es
830;messe;5118;mass;;en
830;messe;5119;messa;;it
830;messe;5120;misa;;es
831;laisse;8866;leine;;de
831;laisse;8867;guinzaglio;;it
831;laisse;8868;correa;;es
831;laisse;8869;leash;;en
834;rotulus;1058;rouleau;de papyrus, parchemin...;fr
834;rotulus;5896;scroll;;en
834;rotulus;5897;rolle;;de
834;rotulus;5898;rotolo;;it
834;rotulus;5899;rollo;;es
835;trinité;6381;dreifaltigkeit;;de
835;trinité;6382;trinity;;en
835;trinité;6383;trinità;;it
835;trinité;6384;trinidad;;en
836;archange;4155;erzengel;;de
836;archange;4156;archangel;;en
836;archange;4157;arcangelo;;it
836;archange;4158;arcangel;;es
838;s.michel;1183;mikâ'îl;;fr
839;châtiment;6393;retribution;divine r.;en
839;châtiment;6394;strafe;göttliche s.;de
839;châtiment;6395;castigo;divino c.;it
840;manivelle;6914;crank;;en
840;manivelle;6915;manovella;;it
840;manivelle;6916;manivela;;es
840;manivelle;6917;kurbel;;de
842;gemme;546;pierre.précieuse;;fr
842;gemme;9474;gem;;en
842;gemme;9475;gema;;es
842;gemme;9476;gemma;;en
842;gemme;9477;edelstein;;de
859;moïse;879;mûsâ;;fr
866;juste;4189;righteous;;en
866;juste;4190;gerechte;;de
866;juste;4191;giusto;;it
866;juste;4192;justo;;es
869;damné;4360;damned;;en
869;damné;4361;verdammt;;de
869;damné;4362;dannato;;it
869;damné;4363;reprobo;;es
870;enfers;4364;hell;;en
870;enfers;4366;inferno;;it
870;enfers;4367;inferi;;it
870;enfers;4368;infierno;;es
870;enfers;5216;hölle;;de
872;s.marie;1177;vierge.marie;;fr
872;s.marie;1178;maryam;mère de jésus;fr
879;couronnement.de.la.vierge;6293;krönung.mariens;;de
879;couronnement.de.la.vierge;6294;coronation.of.mary;;en
879;couronnement.de.la.vierge;6295;coronacion.de.la.virgen;;es
879;couronnement.de.la.vierge;6296;incoronazione.della.vergine;;it
881;échelle;9699;leiter;;de
881;échelle;9701;scala;;it
881;échelle;9704;escalera;;es
881;échelle;9707;ladder;;en
883;palmier;11083;palm.tree;;en
883;palmier;11084;palma;albero;it
883;palmier;11085;palmera;;es
883;palmier;11086;palmbaum;;en
886;tête.coupée;7981;kopf.(abgeschlagener);;de
886;tête.coupée;7982;chef;;fr
886;tête.coupée;7983;cabeza.cortada;;es
886;tête.coupée;7984;testa.tagliata;;it
886;tête.coupée;7985;head.(cutted);;en
887;lanterne;10547;lantern;;en
887;lanterne;10548;lanterna;;it
887;lanterne;10549;farol;;es
887;lanterne;10550;laterne;;de
891;ordre.de.la.toison.d'or;7709;orden.vom.goldenen.vlies;;de
891;ordre.de.la.toison.d'or;7710;orden.del.toison.de.oro;;es
891;ordre.de.la.toison.d'or;7711;ordine.del.toson.d'oro;;it
891;ordre.de.la.toison.d'or;7712;order.of.the.golden.fleece;;en
893;crâne;9073;schädel;;de
893;crâne;9074;cranio;;it
893;crâne;9075;craneo;;es
893;crâne;9076;skull;;en
894;résurrection.du.christ;6254;auferstehung.christi;;de
894;résurrection.du.christ;6256;resurrection.of.christ;;en
894;résurrection.du.christ;6258;resurrezione.di.cristo;;it
894;résurrection.du.christ;6260;resurreccion.de.jesus;;es
895;tombe;8363;grab;;en
895;tombe;8364;tomba;;it
895;tombe;8365;tumba;;es
895;tombe;8366;grave;;en
897;gesse;550;pois.de.senteur;;fr
897;gesse;551;jarosse;;fr
898;tambour;10330;trommel;;de
898;tambour;10332;tambor;;es
898;tambour;10334;tamburo;;it
898;tambour;10336;drum;;en
899;tonneau;7885;barrel;;en
899;tonneau;7891;botte;;it
899;tonneau;7894;fass;;de
899;tonneau;8773;tonel;;es
902;escalier;10128;treppe;;de
902;escalier;10129;scala;;it
902;escalier;10130;escalera;;es
902;escalier;10131;stairs;;en
904;candélabre;4489;candelabra;;en
904;candélabre;4490;kandelaber;;de
904;candélabre;4556;candelabro;;es
906;tableau;5431;gemälde;;de
906;tableau;5432;picture;;en
906;tableau;5433;quadro;;it
906;tableau;5434;cuadro;;es
908;arrestation.du.christ;20;baiser.de.judas;;fr
911;cène;6159;abendmahl;;de
911;cène;6160;ultima.cena;;it
911;cène;6161;lord's.supper;;en
914;pilate;1012;ponce.pilate;;en
915;flagellation.du.christ;6194;geisselung.christi;;de
915;flagellation.du.christ;6196;scourging.of.christ;;en
915;flagellation.du.christ;6197;flagellazione.di.gesù;;it
915;flagellation.du.christ;6199;flagelacion.de.cristo;;es
918;dédicace;5823;dedication;;en
918;dédicace;5824;widmung;;de
918;dédicace;5825;dedica;;es
918;dédicace;5826;dedicatoria;;es
925;squelette;9341;skelett;;de
925;squelette;9342;scheletro;;it
925;squelette;9343;esqueleto;;es
925;squelette;9344;skeleton;;en
927;panier;10571;basket;;en
927;panier;10572;cesto;;es
927;panier;10573;cesta;;es
927;panier;10574;korb;;de
930;instruments.de.la.passion;6342;arma.christi;;fr
930;instruments.de.la.passion;6343;instruments.of.the.passion;;en
930;instruments.de.la.passion;6344;strumenti.della.passione;;it
930;instruments.de.la.passion;6345;instrumentos.de.la.pasion;;es
933;grenade;8234;melagrana;;it
933;grenade;8235;granatapfel;;de
933;grenade;8238;granada;fruta;es
933;grenade;8241;pomegranate;;en
934;clôture;7144;zaun;;de
934;clôture;7145;cerca;;it
934;clôture;7146;recinto;;es
934;clôture;7147;fence;;en
936;nimbe;9837;auréole;;fr
936;nimbe;9838;nimbus;;en
936;nimbe;9839;nimbo;;es
936;nimbe;9840;aureola;;es
937;annonciation;6142;verkündigung.an.maria;;de
937;annonciation;6143;annunciation;;en
937;annonciation;6144;anunciacion;;es
937;annonciation;6145;annunciazione;;it
939;gabriel;565;djabra'îl;;fr
939;gabriel;566;s.gabriel;;en
940;nativité;6230;geburt.christi;;de
940;nativité;6231;nativity.of.christ;;en
940;nativité;6232;natività.del.cristo;;it
940;nativité;6233;natividad;;es
941;hangar;8748;schuppen;offener s.;de
941;hangar;8749;tettoia;;it
941;hangar;8750;shed;open s.;en
944;cornemuse;4395;chevrette;instrument de musique;fr
944;cornemuse;4396;chorus;instrument de musique;fr
944;cornemuse;10271;bagpipes;;en
944;cornemuse;10272;gaita;cornamusa;it
944;cornemuse;10273;cornamusa;;it
944;cornemuse;10274;dudelsack;;de
944;cornemuse;10275;sackpfeife;;de
947;pontife;965;prêtre;non chrétien;fr
947;pontife;6408;pontifice;;it
947;pontife;6409;pontefice;;it
947;pontife;6410;pontifex;;de
947;pontife;6411;pontiff;;en
948;adoration.des.mages;6138;anbetung.der.magier;;de
948;adoration.des.mages;6139;adoracion.de.los.reyes;;es
948;adoration.des.mages;6140;adorazione.dei.magi;;it
948;adoration.des.mages;6141;adoration.of.the.magi;;en
950;offrande;4202;opfer;;de
950;offrande;4203;offering;;en
950;offrande;4204;offerta;;it
950;offrande;4205;ofrenda;;es
951;prosternation;6788;prosternacion;;es
951;prosternation;6789;fussfall;;en
951;prosternation;6790;prosternazione;;it
952;présentation.au.temple;6246;darbringung.jesu.im.tempel;;de
952;présentation.au.temple;6247;presentation.of.jesus.in.the.temple;;en
952;présentation.au.temple;6248;presentazione.al.tempio;;it
952;présentation.au.temple;6249;presentacion.del.senor;;es
960;s.lazare;1162;lazare;frère de marthe et marie;fr
964;entrée.à.jérusalem;6186;einzug.in.jerusalem;;de
964;entrée.à.jérusalem;6187;entry.into.jerusalem;;en
964;entrée.à.jérusalem;6190;ingresso.a.gerusalemme;;it
964;entrée.à.jérusalem;6192;entrada.en.jerusalén;;es
965;rameau;11181;zweig;;de
965;rameau;11182;ramo;;it
965;rameau;11183;ramoscello;;it
965;rameau;11184;branch;;en
972;lièvre;2846;liebre;;es
972;lièvre;2847;hase;;de
972;lièvre;2848;hare;;en
972;lièvre;2849;lepre;;it
973;nid;3159;nido;;it
973;nid;3160;nest;;en
974;licorne;8953;einhorn;;de
974;licorne;8954;unicorno;;it
974;licorne;8955;unicornio;;es
974;licorne;8956;unicorn;;en
979;tablier;8579;schurz;;en
979;tablier;8580;grembiule;;it
979;tablier;8581;delantal;;es
979;tablier;8582;apron;;en
981;bougie;10396;kerze;;de
981;bougie;10398;vela;;it
981;bougie;10400;candela;;it
981;bougie;10402;candle;;en
984;passerelle;5772;footbridge;;en
984;passerelle;5773;gangway;;en
984;passerelle;5774;fussgängerbrücke;;de
984;passerelle;5775;passerella;;it
984;passerelle;5776;pasarela;;es
989;bourreau;7963;executioner;;en
989;bourreau;7964;boia;;it
989;bourreau;7965;verdugo;;es
989;bourreau;7966;henker;;de
994;ombre;6934;schatten;;de
994;ombre;6935;sombra;;es
994;ombre;6936;ombra;;it
994;ombre;6937;shadow;;en
995;portement.de.croix;6242;kreuztragung;;de
995;portement.de.croix;6243;carrying.of.the.cross;;en
995;portement.de.croix;6244;cristo.portacroce;;it
995;portement.de.croix;6245;cristo.con.la.cruz.a.cuestas;;es
1002;clou;7391;nail;;en
1002;clou;7392;chiodo;;it
1002;clou;7393;clavo;;es
1002;clou;7394;nagel;;de
1003;dés;9689;würfelspiel;;de
1003;dés;9690;dadi;gioco;it
1003;dés;9691;dados;juego;es
1003;dés;9692;dice;play;en
1004;crucifixion;6168;kreuzigung.christi;;de
1004;crucifixion;6169;crucifixion.of.christ;;en
1004;crucifixion;6172;crocifissione.di.gesù.cristo;;it
1007;éponge;3649;sponge;;en
1007;éponge;3650;schwammtier;;de
1007;éponge;3651;spugna;;it
1007;éponge;3652;esponja;;es
1013;tenailles;7874;pincers;;en
1013;tenailles;7875;tongs;;en
1013;tenailles;7876;tenazas;;es
1013;tenailles;7877;tenaglia;;it
1013;tenailles;7878;beisszange;;de
1014;linceul;750;suaire;;fr
1014;linceul;8505;leichentuch;;de
1014;linceul;8506;sudario;;es
1014;linceul;8507;mortaja;;es
1014;linceul;8508;shroud;;en
1018;pomme;11154;apple;;en
1018;pomme;11157;mela;;it
1018;pomme;11160;manzana;;es
1018;pomme;11163;apfel;;de
1019;palme;9843;palma;ramo;it
1019;palme;9844;palm.leaf;;en
1024;lettre.zoomorphe;9819;zoomorphischer.buchstabe;;de
1024;lettre.zoomorphe;9820;lettera.zoomorfa;;it
1024;lettre.zoomorphe;9822;letra.zoomorfa;;es
1024;lettre.zoomorphe;9824;zoomorphic.letter;;en
1028;assomption;6289;himmelfahrt.mariens;;de
1028;assomption;6290;assumption.of.mary;;en
1028;assomption;6291;assunzione;;it
1028;assomption;6292;asuncion;;en
1033;terrier;3168;tana;;it
1033;terrier;3169;madriguera;;es
1033;terrier;3176;burrow;;en
1033;terrier;3177;loch;;de
1037;sacrifice;1092;holocauste;;fr
1037;sacrifice;6385;opfer;;de
1037;sacrifice;6386;sacrificio;;es
1039;forêt;538;bois;;fr
1039;forêt;9875;wald;;de
1039;forêt;9876;foresta;;it
1039;forêt;9877;bosque;;es
1039;forêt;9878;forest;;en
1054;david;428;dâ'ûd;;fr
1057;malade;9183;krank;;de
1057;malade;9184;malato;;it
1057;malade;9185;enfermo;;es
1057;malade;9186;ill;;en
1057;malade;9187;sick;;en
1061;prophète;4219;prophet;;en
1061;prophète;4220;profeta;;es
1062;destruction;8193;zerstörung;;de
1062;destruction;8194;distruzione;;it
1062;destruction;8195;destruccion;;es
1063;incendie;4799;blaze;;en
1063;incendie;4800;conflagration;;en
1063;incendie;4801;brand;;en
1063;incendie;4802;incendio;;es
1068;pelle;7802;pala;;es
1068;pelle;7803;badile;;en
1068;pelle;7804;schaufel;;de
1068;pelle;8785;shovel;;en
1078;harpe;629;tchang;;en
1078;harpe;630;rote;;de
1078;harpe;631;djank;;en
1078;harpe;10295;harfe;;de
1078;harpe;10296;arpa;;es
1078;harpe;10297;harp;;en
1080;suicide;6577;suicidio;;es
1080;suicide;6578;selbstmord;;de
1081;fou;9122;mad;;en
1081;fou;9123;loco;demente;es
1081;fou;9124;matto;;it
1081;fou;9125;wahnsinnig;;de
1090;chaire;5814;cathedra;copyist, teacher;en
1090;chaire;5815;katheder;schreiber, lehrer;de
1090;chaire;5816;catedra;copista, profesor;it
1090;chaire;5817;cattedra;copista, insegnante;it
1093;serrure;9967;lock;;en
1093;serrure;9968;cerradura;;es
1093;serrure;9969;serratura;;it
1093;serrure;9970;türschloss;;de
1108;mariage;5109;wedding;;en
1108;mariage;5110;hochzeit;;de
1108;mariage;5111;matrimonio;;it
1114;houlette;8862;crook;;en
1114;houlette;8863;cayado;;en
1114;houlette;8864;bastone.da.pastore;;it
1114;houlette;8865;hirtenstab;;de
1117;prophétie;6011;prophecy;;en
1117;prophétie;6012;prophezeiung;;de
1117;prophétie;6013;profecia;;es
1117;prophétie;6014;profezia;;it
1123;âme;5932;soul;;en
1123;âme;5933;seele;;de
1123;âme;5934;anima;;it
1123;âme;5935;alma;;es
1130;filet;7170;net;;en
1130;filet;7171;rete;;it
1130;filet;7172;red;;en
1130;filet;7173;netz;;de
1133;baptême.du.christ;6151;taufe.jesu;;de
1133;baptême.du.christ;6152;baptisme.of.christ;;en
1133;baptême.du.christ;6153;battesimo.di.gesù;;it
1133;baptême.du.christ;6154;bautismo.de.jesus;;es
1144;tambourin;1287;tambour.de.basque;;fr
1144;tambourin;10331;schellentrommel;;de
1144;tambourin;10333;pandereta;;es
1144;tambourin;10335;tamburello;;it
1144;tambourin;10337;tambourine;;en
1144;tambourin;10338;tamburin;;de
1146;encensoir;4517;censer;;en
1146;encensoir;4518;weihrauchfass;;de
1146;encensoir;4580;incensiere;;it
1146;encensoir;4581;turibolo;;it
1146;encensoir;4582;incensario;;es
1166;naissance;6305;geburt;;de
1166;naissance;6307;birth;;en
1166;naissance;6309;nacimiento;;es
1166;naissance;6311;nascita;;it
1175;attelage;27;joug;pièce d'attelage;fr
1175;attelage;5694;hitching.up;;en
1175;attelage;5695;gespann;;de
1175;attelage;5696;attacco;;it
1175;attelage;5697;tiro;;es
1175;attelage;5698;yunta;;es
1177;char;5727;chariot;;fr
1177;char;5728;streitwagen;;de
1177;char;5729;carro;;es
1181;instrument.de.musique;10298;musical.instrument;unidentified;en
1181;instrument.de.musique;10299;strumento.musicale;non identificato;it
1181;instrument.de.musique;10300;instrumento.musical;no identificado;es
1181;instrument.de.musique;10301;musikinstrument;unbekanntes;de
1187;martyre;4458;martyrdom;;en
1187;martyre;4459;marter;;en
1187;martyre;4460;martirio;;it
1190;blé;169;froment;;fr
1190;blé;10759;weizen;;de
1190;blé;10761;trigo;;es
1190;blé;10763;grano;cereale;it
1190;blé;10765;wheat;;en
1191;tentation.du.christ;6266;versuchungen.jesu;;de
1191;tentation.du.christ;6268;temptations.of.christ;;en
1191;tentation.du.christ;6270;tentazioni.di.gesù;;it
1191;tentation.du.christ;6272;tentaciones.de.jesus;;es
1194;prison;6782;jail;;en
1194;prison;6783;carcere;;it
1194;prison;6784;prigione;;it
1194;prison;6785;gefängnis;;de
1194;prison;6786;carcel;;es
1194;prison;6787;prision;;es
1195;multiplication.des.pains;6226;brotvermehrung;;de
1195;multiplication.des.pains;6227;multiplication.of.loaves;;en
1195;multiplication.des.pains;6228;moltiplicazione.dei.pani;;it
1195;multiplication.des.pains;6229;multiplicacion.de.los.panes;;es
1202;houe;8759;hoe;;it
1202;houe;8760;azada;;es
1202;houe;8761;zappa;;en
1202;houe;8762;breithaue;;de
1203;charpente;5612;framework;;en
1203;charpente;5613;zimmerwerk;;de
1203;charpente;5614;ossatura;;it
1203;charpente;5615;armazon;;es
1206;colombage;10082;half.timbering;;en
1206;colombage;10083;entramado;;es
1206;colombage;10084;intelaiatura.a.traliccio;;it
1206;colombage;10085;fachwerk;;de
1215;balcon;10010;balcony;;en
1215;balcon;10011;balcone;;it
1215;balcon;10012;balkon;;de
1219;abside;9984;apsis;;de
1219;abside;9985;apse;;en
1221;allaitement;2982;lactancia;;es
1221;allaitement;2983;feeding;;en
1221;allaitement;2984;allattamento;;it
1221;allaitement;2985;säugen;;de
1229;assassinat;6617;murder;;en
1229;assassinat;6618;assassinio;;it
1229;assassinat;6619;mord;;de
1229;assassinat;6620;asesinato;;es
1232;parricide;5572;matricide;;en
1232;parricide;8102;elternmord;;de
1232;parricide;8103;parricidio;;es
1237;volet;10240;shutter;;en
1237;volet;10241;postigo;;es
1237;volet;10242;imposta;finestra;it
1237;volet;10243;fensterladen;;de
1250;temple;6387;templo;;es
1250;temple;6388;tempio;;it
1250;temple;6389;tempel;;de
1259;chérubin;4167;cherub;;en
1259;chérubin;4168;cherubino;;en
1259;chérubin;4169;querubin;;es
1274;corne;10488;horn;;en
1274;corne;10490;corno;;it
1274;corne;10492;cuerno;;es
1277;darius.3;426;dara;;fr
1278;peau.de.bête;8538;pelt;clothes;en
1278;peau.de.bête;8539;piel;ropa;es
1278;peau.de.bête;8540;pelle;abiti;it
1278;peau.de.bête;8541;fell;kleider;de
1279;baptême;5026;baptism;;en
1279;baptême;5027;taufe;;de
1279;baptême;5028;battesimo;;it
1279;baptême;5029;bautismo;;es
1284;diacre;410;archidiacre;;fr
1284;diacre;4917;deacon;;en
1284;diacre;4918;diakon;;de
1284;diacre;4919;diacono;;it
1288;ascension;6149;himmelfahrt.christi;;de
1288;ascension;6150;ascensione;;it
1307;modèle;818;maquette;;fr
1307;modèle;9833;model;maquette;fr
1307;modèle;9834;modelo;maqueta;es
1307;modèle;9835;modello;;it
1307;modèle;9836;modell;;de
1311;lévites;4193;levite;;en
1311;lévites;4194;levit;;en
1311;lévites;4195;levita;;es
1322;hirondelle;4014;swallow;;en
1322;hirondelle;4015;schwalbe;;de
1322;hirondelle;4016;rondine;uccello;it
1322;hirondelle;4017;golondrina;;es
1324;fosse;5246;grube;;de
1324;fosse;5247;trough;;en
1324;fosse;5248;fossa;;it
1324;fosse;5249;fosa;;es
1325;vigne;7921;vine;;en
1325;vigne;7922;vid;;es
1325;vigne;7923;vite;pianta;it
1325;vigne;7924;rebe;;de
1326;singe;2963;affe;;de
1326;singe;2964;scimmia;;it
1326;singe;2965;ape;;en
1326;singe;2966;monkey;;en
1326;singe;2967;mono;;es
1327;hibou;4011;eule;;de
1327;hibou;4012;gufo;;it
1327;hibou;4013;buho;;es
1328;écureuil;3087;ardilla;;es
1328;écureuil;3088;squirrel;;en
1328;écureuil;3089;scoiattolo;;it
1328;écureuil;3090;eichhorn;;de
1329;escargot;3192;snail;;en
1329;escargot;3193;schnecke;;de
1329;escargot;3194;lumaca;;it
1329;escargot;3195;caracol;;es
1330;chardon;263;caméléonte;;fr
1330;chardon;264;cardonnette;;it
1330;chardon;265;carline;;en
1337;poison;964;empoisonnement;;fr
1337;poison;9278;poisoning;;en
1337;poison;9279;envenamiento;;es
1337;poison;9280;avvelenamento;;it
1337;poison;9281;vergiftung;;de
1339;seau;10620;bucket;;en
1339;seau;10621;secchio;;it
1339;seau;10622;cubo;;es
1339;seau;10623;eimer;;de
1355;ossements;9236;bones;;en
1355;ossements;9237;huesos;;es
1355;ossements;9238;ossa;;it
1355;ossements;9239;gebein;;de
1357;danseur;9754;tänzer;;de
1357;danseur;9755;danzatore;;it
1357;danseur;9756;bailarin;;es
1357;danseur;9757;dancer;;en
1358;charrette;266;bahlî;;fr
1358;charrette;5733;cart;;en
1358;charrette;5734;handkarre;;de
1358;charrette;5735;carretto;;it
1358;charrette;5736;carreta;;es
1363;devin;409;rammal;;fr
1363;devin;5950;soothsayer;;en
1363;devin;5951;wahrsager;;de
1363;devin;5952;indovino;;it
1363;devin;5953;adivino;;es
1366;monstre.marin;8962;seeungeheuer;;de
1366;monstre.marin;8964;mostro.marino;;it
1366;monstre.marin;8966;monstruo.marino;;es
1366;monstre.marin;8968;sea.monster;;en
1368;pentecôte;6238;pfingsten;;de
1368;pentecôte;6239;pentecost;;en
1368;pentecôte;6240;pentecoste;;it
1368;pentecôte;6241;pentecostés;;es
1369;cigogne;3888;stork;;en
1369;cigogne;3889;storch;;de
1369;cigogne;3890;cicogna;;it
1369;cigogne;3891;cigüena;;en
1370;corbeau;3912;crow;;en
1370;corbeau;3913;rabe;;de
1370;corbeau;3914;corvo;;it
1370;corbeau;3915;cuervo;;es
1371;autruche;3826;ostrich;;en
1371;autruche;3827;strauss;;en
1371;autruche;3828;struzzo;;it
1371;autruche;3829;avestruz;;es
1373;hérisson;3128;riccio;;it
1373;hérisson;3129;igel;;de
1373;hérisson;3130;hedgehog;;en
1373;hérisson;3131;erizo;;es
1375;rat;2939;rata;;es
1375;rat;2940;topo;;es
1375;rat;2941;ratte;;de
1378;accouplement;3;copulation;"animaux; animals";fr
1378;accouplement;3147;accoppiamento;;it
1378;accouplement;3148;paarung;;de
1378;accouplement;3149;mating;;en
1378;accouplement;3150;apareamiento;;es
1383;poule;4129;hen;;en
1383;poule;4130;huhn;;de
1383;poule;4131;gallina;;es
1387;coffre;10474;chest;;en
1387;coffre;10476;cassone;;it
1387;coffre;10478;cofano;;it
1387;coffre;10479;cofre;;es
1387;coffre;10481;koffer;;de
1404;substitution;6574;sostituzione;;it
1404;substitution;6575;ersetzung;;de
1404;substitution;6576;sustitucion;;es
1409;intercesseur;6346;intercesor;;en
1409;intercesseur;6347;intercessore;;en
1409;intercesseur;6348;fürsprecher;;de
1409;intercesseur;6349;intercessor;;en
1410;résurrection.des.morts;6354;auferstehung.der.toten;;de
1410;résurrection.des.morts;6356;resurrection.of.the.dead;;en
1410;résurrection.des.morts;6358;risurrezione.della.carne;;it
1410;résurrection.des.morts;6359;resurreccion.de.la.carne;;es
1411;rosier;2192;rose;;en
1411;rosier;11213;rosenstrauch;;de
1411;rosier;11214;rosal;;es
1411;rosier;11215;rosaio;;it
1411;rosier;11216;rosebush;;en
1414;paysan;6765;campesino;;es
1414;paysan;6768;bauer;;en
1414;paysan;6770;contadino;;it
1414;paysan;6772;farmer;;en
1417;sage.femme;9305;hebamme;;de
1417;sage.femme;9306;levatrice;;it
1417;sage.femme;9307;comadrona;;es
1417;sage.femme;9308;midwife;;en
1430;barrière;10019;schranke;;de
1430;barrière;10020;barriera;;it
1430;barrière;10021;barrera;;es
1430;barrière;10022;fence;;en
1437;reflet;6948;reflex;;en
1437;reflet;6949;reflejo;;es
1437;reflet;6950;riflesso;;it
1437;reflet;6951;reflection;;en
1438;procession;5151;prozession;;de
1438;procession;5152;processione;;it
1438;procession;5153;procesion;;es
1440;iris;10971;iride;;it
1441;giroflée;554;matthiole;;de
1441;giroflée;555;quarantaine;plante;fr
1441;giroflée;556;violier;;en
1441;giroflée;10913;gillyflower;;en
1441;giroflée;10915;violacciocca;;es
1441;giroflée;10917;alheli;;es
1441;giroflée;10919;levkoje;;de
1442;grelot;10287;schelle;musikinstrument;de
1442;grelot;10288;cascabel;;es
1442;grelot;10289;sonaglio;;it
1442;grelot;10290;jingle.bell;;en
1443;pervenche;11104;periwinkle;;en
1443;pervenche;11105;pervinca;;it
1443;pervenche;11106;vinca;;it
1443;pervenche;11107;immergrün;;de
1448;infanticide;8067;infanticidio;;es
1448;infanticide;8068;kindesmord;;de
1469;pioche;7813;pickaxe;;en
1469;pioche;7814;pico;;es
1469;pioche;7815;zappa;;en
1469;pioche;7816;hacke;;de
1484;roue;8116;rädern;;de
1484;roue;8117;ruota;supplizio;it
1484;roue;8118;rueda;suplicio;es
1484;roue;8119;wheel;torture;en
1485;voie;1361;rue;artère urbaine;fr
1485;voie;9884;street;;en
1485;voie;9885;calle;;es
1485;voie;9886;via;;en
1485;voie;9887;strasse;;de
1489;révolte;1057;sédition;;fr
1489;révolte;4619;revolt;;en
1489;révolte;4620;rebellion;;en
1489;révolte;4621;aufruhr;;de
1489;révolte;4622;rivola;;it
1489;révolte;4623;revuelta;;es
1491;chariot;5730;wagon;;en
1491;chariot;5731;leiterwagen;;de
1491;chariot;5732;carrello;;it
1495;cuisine;7440;küche;;de
1495;cuisine;7443;cocina;;es
1495;cuisine;7444;cucina;;it
1495;cuisine;7447;kitchen;and cooking;en
1495;cuisine;7448;cooking;and kitchen;en
1499;fauconnier;7166;falkner;;de
1499;fauconnier;7167;cetrero;;es
1499;fauconnier;7168;falconiere;;en
1499;fauconnier;7169;falconer;;en
1501;coqueret;294;alkékenge;;fr
1516;navette;4525;incense.holder;;en
1516;navette;4526;weihrauchschiffchen;;de
1516;navette;4587;navicella;per l'incenso;it
1516;navette;4588;naveta;;es
1518;s.grégoire.1;1144;grégoire.1;pape;fr
1518;s.grégoire.1;1145;grégoire.le.grand;pape;fr
1528;franciscain;4940;franciscan;;en
1528;franciscain;4941;franziskaner;;de
1528;franciscain;4942;francescano;;it
1528;franciscain;4943;franciscano;;es
1536;centaure;6547;centauro;;it
1536;centaure;6548;zentaur;;de
1536;centaure;6549;centaur;;en
1537;séraphin;4225;seraph;;en
1537;séraphin;4226;serafino;;it
1537;séraphin;4227;serafin;;es
1558;stigmates;6370;estigmas;;es
1558;stigmates;6371;stigmate;;fr
1558;stigmates;6372;wundmale;;de
1558;stigmates;6373;stigmata;;en
1574;péchés.capitaux;4417;deadly.sins;;en
1574;péchés.capitaux;4418;hauptsünden;;de
1574;péchés.capitaux;4419;peccati.capitali;;it
1574;péchés.capitaux;4420;pecados.capitales;;es
1580;aumône;30;charité;action;en
1580;aumône;5018;alms;;en
1580;aumône;5019;almosen;;de
1580;aumône;5020;elemosina;;it
1580;aumône;5021;limosna;;es
1586;pavage;5777;cobbling;;en
1586;pavage;5778;strassenpflaster;;de
1586;pavage;5779;lastricatura;;it
1586;pavage;5780;adoquinado;;es
1589;pomme.de.pin;11155;pine.cone;;en
1589;pomme.de.pin;11158;pigna;;it
1589;pomme.de.pin;11161;pina;;es
1589;pomme.de.pin;11164;tannenzapfen;;de
1592;semailles;8643;aussaat;;de
1592;semailles;8644;semina;;it
1592;semailles;8645;siembra;;es
1592;semailles;8646;sowing;;en
1602;labourage;8767;ploughing;;en
1602;labourage;8768;labranza;;es
1602;labourage;8769;aratura;;it
1602;labourage;8770;pflügen;;de
1603;charrue;267;araire;;fr
1603;charrue;8710;plough;;en
1603;charrue;8711;arado;;es
1603;charrue;8712;aratro;;it
1603;charrue;8713;pflug;;de
1615;fête;9709;fiesta;;es
1615;fête;9710;festa;;it
1615;fête;9711;fest;;de
1616;coutume;8417;custom;;en
1616;coutume;8418;costumbre;;es
1616;coutume;8419;costume;consuetudine;it
1616;coutume;8420;sitte;;de
1617;flagellation;6195;geisselung;;de
1617;flagellation;6198;flagellazione;;it
1617;flagellation;6200;flagelacion;;es
1618;mortification;823;macérations;;fr
1618;mortification;5121;kasteiung;;de
1618;mortification;5122;mortificazione;;it
1618;mortification;5123;mortificacion;;es
1620;vache;1354;génisse;;fr
1620;vache;2833;kuh;;de
1620;vache;2834;vaca;;es
1620;vache;2835;cow;;en
1620;vache;2836;vacca;;it
1626;infirme;9167;disabled;;en
1626;infirme;9168;crippled;;en
1626;infirme;9169;invalido;;it
1626;infirme;9170;körperbehindert;;de
1628;bureau;10434;desk;;en
1628;bureau;10435;scrivania;;it
1628;bureau;10436;escritorio;;es
1628;bureau;10437;schreibtisch;;de
1635;mouche;3712;fly;;en
1635;mouche;3713;fliege;;de
1635;mouche;3714;mosca;;it
1639;coffret;10475;casket;;en
1639;coffret;10477;cofanetto;;it
1639;coffret;10480;estuche;;es
1639;coffret;10482;kästchen;;de
1646;fumée;5339;rauch;;de
1646;fumée;5340;smoke;;en
1646;fumée;5341;fumo;;it
1646;fumée;5342;humo;;es
1675;roue.de.la.fortune;6959;rueda.de.la.fortuna;;es
1675;roue.de.la.fortune;6961;glücksrad;;de
1675;roue.de.la.fortune;6962;ruota.della.fortuna;;it
1675;roue.de.la.fortune;6965;wheel.of.fortune;;en
1678;herse;8247;fallgatter;;de
1678;herse;8248;saracinesca;;it
1678;herse;8249;rastrillo;;es
1678;herse;8250;portcullis;;en
1685;mangeoire;804;crèche;mangeoire;fr
1685;mangeoire;8898;futterkrippe;;de
1685;mangeoire;8899;mangiatoia;;it
1685;mangeoire;8900;pesebre;;es
1685;mangeoire;8901;manger;;fr
1687;savant;5900;scholar;;en
1687;savant;5901;scientist;;en
1687;savant;5902;gelehrter;;de
1687;savant;5903;studioso;;it
1687;savant;5904;cientifico;;es
1697;flotte;5628;fleet;;en
1697;flotte;5629;flotta;;it
1697;flotte;5630;flota;;es
1701;baignoire;10372;badewanne;;de
1701;baignoire;10373;banera;;es
1701;baignoire;10374;vasca.da.bagno;;it
1701;baignoire;10375;bathtub;;en
1709;champ.clos;260;lice;;fr
1709;champ.clos;7976;tilt.yard;;en
1709;champ.clos;7977;campo.chiuso;;it
1709;champ.clos;7978;lizza;;it
1709;champ.clos;7979;palenque;liza;en
1709;champ.clos;7980;kampfstätte;;de
1713;écartèlement;7994;quartering;;en
1713;écartèlement;7995;squartamento;;it
1713;écartèlement;7996;desquartizamiento;;it
1713;écartèlement;7997;vierteilen;;de
1795;serment;4636;oath;;en
1795;serment;4637;eid;;en
1795;serment;4638;giuramento;;it
1795;serment;4639;juramento;;es
1802;bataille.navale;4686;naval.battle;;en
1802;bataille.navale;4687;seeschlacht;;de
1802;bataille.navale;4688;battaglia.navale;;it
1802;bataille.navale;4689;batalla.naval;;es
1806;centurion;7671;centurione;;it
1806;centurion;7672;centurio;;de
1811;esclave;6684;esclavo;;es
1811;esclave;6685;sklave;;de
1811;esclave;6686;schiavo;;it
1811;esclave;6687;slave;enslaved;en
1837;pont.levis;8293;ziehbrücke;;de
1837;pont.levis;8294;ponte.levatoio;;it
1837;pont.levis;8295;puente.levadizo;;es
1837;pont.levis;8296;drawbridge;;en
1840;lustre;10559;lüster;;de
1840;lustre;10560;arana;;es
1840;lustre;10561;lampadario;;it
1840;lustre;10562;ceiling.light;;en
1871;précepteur;5881;home.tutor;;en
1871;précepteur;5882;hauslehrer;;de
1871;précepteur;5883;precettore;;it
1871;précepteur;5884;preceptor;;en
1904;griffon;8949;griffin;;en
1904;griffon;8950;grifo;animal fabuloso;es
1904;griffon;8951;grifone;;it
1904;griffon;8952;greif;;de
1905;porc.épic;2928;stachelschwein;;de
1905;porc.épic;2929;porcospino;;it
1905;porc.épic;2930;porcupine;;en
1905;porc.épic;2931;puerco.espin;;es
1924;oriel;10180;erker;;de
1924;oriel;10181;finestra.a.golfo;;it
1939;pillage;6773;saccheggio;;it
1939;pillage;6774;plünderung;;de
1939;pillage;6775;saqueo;;es
1941;cave;8347;cellar;;en
1941;cave;8349;sotano;;es
1941;cave;8350;cantina;;it
1941;cave;8351;keller;;en
1974;mouchoir;5511;taschentuch;;de
1974;mouchoir;5512;handkerchief;;en
1974;mouchoir;5513;fazzoletto;;it
1974;mouchoir;5514;panuelo;;es
1983;famille;6694;family;;en
1983;famille;6695;famiglia;;it
1983;famille;6696;familie;;de
1983;famille;6697;familia;;es
1996;magie;5992;magic;;en
1996;magie;5993;magia;;es
2004;cage;7107;käfig;;de
2004;cage;7108;jaula;;es
2004;cage;7109;gabbia;;it
2020;philippe.2.de.macédoine;999;faylaqûs;;fr
2024;balle;161;esteuf;;fr
2024;balle;162;jeu.de.paume;;fr
2024;balle;163;pelote;;fr
2024;balle;9650;ball;;en
2024;balle;9651;palla;;it
2024;balle;9652;pelota;;es
2054;désert;5238;wüste;;de
2054;désert;5239;desert;;en
2054;désert;5240;deserto;;it
2054;désert;5241;desierto;;es
2064;unicorne;2102;monocéros;;fr
2072;martyr;4455;märtyrer;;de
2072;martyr;4456;martire;;it
2072;martyr;4457;martir;;es
2073;confesseur;4447;confessor;;en
2073;confesseur;4448;bekenner;;de
2073;confesseur;4449;confessore;;it
2073;confesseur;4450;confesor;;es
2082;vierges;4468;virgins;;en
2082;vierges;4469;jungfrauen;;de
2082;vierges;4470;vergini;;it
2082;vierges;4471;virgenes;;es
2091;muselière;8874;beisskorb;;de
2091;muselière;8875;museruola;;it
2091;muselière;8876;bozal;;es
2091;muselière;8877;muzzle;;en
2093;colère;376;flambart;roi d'ire;it
2095;gourmandise;604;gloutonnerie;personnification, allégorie...;fr
2095;gourmandise;605;glouton;roi de gloutonnerie;fr
2133;magicien;802;enchanteur;;fr
2133;magicien;5985;wizard;;en
2133;magicien;5986;magician;man;en
2133;magicien;5987;zauberer;;de
2133;magicien;5988;mago;;es
2162;astrologue;5942;astrologer;;en
2162;astrologue;5943;sterndeuter;;en
2162;astrologue;5944;astrologo;;it
2163;oeuf;3161;uovo;;it
2163;oeuf;3162;ei;;de
2163;oeuf;3163;egg;;en
2163;oeuf;3164;huevo;;es
2189;écorchement;8003;skinning;;en
2189;écorchement;8004;flaying;;en
2189;écorchement;8005;scorticamento;;it
2189;écorchement;8006;desolladura;;es
2189;écorchement;8007;schindung;;de
2198;nageur;9628;schwimmer;;de
2198;nageur;9629;nuotatore;;it
2198;nageur;9630;nadador;;es
2198;nageur;9631;swimmer;;en
2216;sauterelle;3559;grasshopper;;en
2216;sauterelle;3560;heuschrecke;;de
2216;sauterelle;3561;cavalletta;;it
2216;sauterelle;3562;saltamontes;;es
2218;guérison;9140;heilung;;de
2218;guérison;9141;guarigione;;it
2218;guérison;9142;curacion;;es
2218;guérison;9143;recovery;;en
2218;guérison;9144;healing;;en
2224;résurrection.de.lazare;6255;auferweckung.des.lazarus;;de
2224;résurrection.de.lazare;6257;raising.of.lazarus;;en
2224;résurrection.de.lazare;6259;risurrezione.di.lazzaro;;it
2224;résurrection.de.lazare;6261;resurreccion.de.lazaro;;es
2225;odorat;9229;smell;sense;en
2225;odorat;9230;olfato;;es
2225;odorat;9231;odorato;;fr
2225;odorat;9232;geruch;;de
2228;eucharistie;5075;eucharist;;en
2228;eucharistie;5076;eucarestia;;it
2228;eucharistie;5077;eucaristia;;it
2247;naissance.de.la.vierge;6304;geburt.mariens;;de
2247;naissance.de.la.vierge;6306;birth.of.virgin.mary;;en
2247;naissance.de.la.vierge;6308;nacimiento.de.la.virgen;;es
2247;naissance.de.la.vierge;6310;natività.della.vergine;;it
2260;néron;910;domitius.ahenobarbus;fils de d. a. et d'agrippine la jeune;fr
2260;néron;911;nero.claudius.germanicus;;fr
2286;s.thomas;1964;tûmân;;fr
2290;exorcisme;5083;exorcism;;en
2290;exorcisme;5084;beschwörung;;de
2290;exorcisme;5085;esorcismo;;it
2290;exorcisme;5086;exorcismo;;es
2318;dépeçage;6665;cutting.up;;en
2318;dépeçage;6666;smembramento;;it
2318;dépeçage;6667;zerstückelung;;de
2318;dépeçage;6668;despedazamiento;;es
2392;fonts;4519;baptismal.font;;en
2392;fonts;4520;taufbecken;;de
2392;fonts;4583;fonte.battesimale;;it
2392;fonts;4584;pila.bautismal;;es
2552;léopard;2841;leopardo;;es
2557;chaise;10454;chair;seat;en
2557;chaise;10456;sedia;;it
2557;chaise;10458;silla;;es
2557;chaise;10460;stuhl;;de
2561;s.hélène;1148;flavia.julia.helena;;fr
2576;invention;671;élévation;reliques;fr
2576;invention;5100;auffindung;;de
2576;invention;5101;invenzione;reliquie;it
2576;invention;5102;invencion;reliquias;es
2606;onagre;2906;wildesel;;de
2606;onagre;2907;onagro;;es
2606;onagre;2908;onager;;en
2607;crocodile;3242;krokodil;;de
2607;crocodile;3243;coccodrillo;;it
2607;crocodile;3244;cocodrilo;;es
2614;s.josaphat;1154;josaphat;prince indien;fr
2615;s.barlaam;1119;barlaam;;en
2617;souris;2968;raton;;en
2617;souris;2969;mouse;;en
2617;souris;2970;topo;;es
2617;souris;2971;maus;;de
2618;parabole;4213;gleichnis;;de
2618;parabole;4214;parable;;en
2618;parabole;4215;parabola;;en
2622;olivier;11071;ölbaum;;de
2622;olivier;11073;olivo;;es
2622;olivier;11074;olive.tree;;en
2623;enluminure;5399;buchmalerei;;en
2623;enluminure;5400;illumination;;en
2623;enluminure;5401;miniatura;;it
2623;enluminure;5402;iluminacion;;es
2625;pénitence;5139;penance;;en
2625;pénitence;5140;busse;;de
2625;pénitence;5141;penitenza;;it
2625;pénitence;5142;penitencia;;es
2682;tonnelet;1294;barillet;;fr
2682;tonnelet;7886;keg;;en
2682;tonnelet;7889;barrilete;;es
2682;tonnelet;7892;bariletto;;it
2682;tonnelet;7895;fässchen;;de
2719;s.ursule;1213;orselle;;en
2733;meule;7738;schleifscheibe;;de
2733;meule;7740;muela;;es
2733;meule;7742;macina;;it
2733;meule;7745;grinding.wheel;;en
2830;enseigne;7477;aushängeschild;;de
2830;enseigne;7478;letrero;;es
2830;enseigne;7479;insegna;;it
2830;enseigne;7480;sign;of a shop;en
2919;plante;10740;pflanze;;de
2919;plante;10741;planta;;es
2919;plante;10742;pianta;;it
2919;plante;11326;plant;unidentified;en
2934;arquebuse;8145;arkebuse;;en
2934;arquebuse;8146;archibugio;;en
2934;arquebuse;8147;arcabuz;;es
2934;arquebuse;8148;arquebus;;en
2935;myosotis;11031;vergissmeinnicht;;en
2935;myosotis;11032;miosota;;en
2935;myosotis;11033;miosotide;;en
2935;myosotis;11034;forget.me.not;;en
3050;joute;9616;lanzenstechen;;de
3050;joute;9618;giostra;;it
3050;joute;9620;justa;;es
3050;joute;9622;joust;;en
3062;pie;4093;magpie;;en
3062;pie;4094;elster;;de
3062;pie;4095;gazza;;it
3062;pie;4096;urraca;pajaro;es
3089;gorgone;603;méduse;héroïne grecque;fr
3267;magicienne;5989;magician;woman;en
3267;magicienne;5990;zauberin;;de
3267;magicienne;5991;maga;;it
3305;girouette;9917;wetterfahne;;de
3305;girouette;9918;banderuola;;it
3305;girouette;9919;veleta;;es
3305;girouette;9920;weather.vane;;en
3351;bossu;9013;humpbacked;;en
3351;bossu;9014;jorobado;;es
3351;bossu;9015;gobbo;;it
3351;bossu;9016;bucklig;;en
3385;catherine.de.grandison;714;aelis;comtesse de salisbury;fr
3399;prince.noir;1023;edouard.de.woodstock;prince de galles;fr
3417;gland;10924;acorn;;en
3417;gland;10925;ghianda;;it
3417;gland;10926;bellota;;es
3417;gland;10927;eichel;;de
3472;tournoi;9613;tournament;;en
3472;tournoi;9614;torneo;;es
3472;tournoi;9615;turnier;;de
3535;piège;7217;trap;;en
3535;piège;7218;trappola;;it
3535;piège;7219;trampa;;es
3535;piège;7220;falle;;de
3662;mise.au.tombeau;6222;grablegung.christi;;en
3662;mise.au.tombeau;6223;entombment.of.christ;;en
3662;mise.au.tombeau;6224;sepoltura.di.gesù;;it
3662;mise.au.tombeau;6225;sepultura.de.cristo;;es
3797;tablette;5913;tablets;;en
3797;tablette;5914;schreibtafel;;de
3797;tablette;5915;tavoletta;supporto scrittorio;it
3797;tablette;5916;tablilla;;es
3805;cloître;10078;kreuzgang;;de
3805;cloître;10079;chiostro;;it
3805;cloître;10080;claustro;;es
3805;cloître;10081;cloister;;en
3840;FAUX;8655;scythe;;en
3840;FAUX;8656;guadana;;es
3840;FAUX;8657;falce.fienaia;;it
3840;FAUX;8658;sense;;en
3883;laurier;10985;laurel;;en
3883;laurier;10987;alloro;;it
3883;laurier;10990;lorbeer;;de
3970;épervier;3952;sparrowhawh;;en
3970;épervier;3953;sperber;;de
3970;épervier;3954;sparviero;;it
3970;épervier;3955;gavilan;;en
4030;chevreuil;3064;corzo;;es
4030;chevreuil;3065;roe.deer;;en
4030;chevreuil;3066;capriolo;;it
4030;chevreuil;3067;reh;;de
4051;défi;6658;challenge;;en
4051;défi;6659;sfida;;it
4051;défi;6660;herausforderung;;de
4051;défi;6661;desafio;;es
4165;parturiente;943;accouchement;;fr
4165;parturiente;9252;childbirth;;en
4165;parturiente;9253;parto;"mujer; donna";es
4165;parturiente;9255;gebären;;de
4253;aspic;3227;asp;;en
4253;aspic;3228;aspisviper;;de
4253;aspic;3229;aspide;;en
4253;aspic;3230;aspid;;en
4378;ordre.de.saint.michel;7714;order.of.saint.michael;;en
4378;ordre.de.saint.michel;7716;ordine.di.san.michele;;it
4378;ordre.de.saint.michel;7720;orden.de.san.miguel;;es
4378;ordre.de.saint.michel;7722;michaelsorden;frankreich;de
4382;office;5128;service;liturgy;en
4382;office;5129;dienst;liturgie;fr
4382;office;5130;ufficio;liturgia;it
4382;office;5131;oficio;;es
4394;dualité;9802;dualität;;de
4394;dualité;9803;dualita;;en
4394;dualité;9804;dualidad;;es
4394;dualité;9805;duality;;en
4395;héron;4007;heron;;en
4395;héron;4008;reiher;;de
4395;héron;4009;airone;;it
4395;héron;4010;garza;;es
4407;écrevisse;2811;crayfish;;en
4407;écrevisse;2812;krebs;krustazee;de
4407;écrevisse;2813;gambero;;it
4407;écrevisse;2814;cangrejo.de.rio;;es
4413;outil;7778;tool;;en
4413;outil;7779;herramienta;;es
4413;outil;7780;arnese;;it
4413;outil;7781;werkzeug;;de
4416;moisson;8719;harvest;;en
4416;moisson;8720;siega;;es
4416;moisson;8721;mietitura;;it
4416;moisson;8722;ernte;;de
4419;abeille;3586;bee;;en
4419;abeille;3587;biene;;de
4419;abeille;3588;ape;insetto;it
4419;abeille;3589;abeja;;es
4420;ruche;8798;bienenkorb;;de
4420;ruche;8799;arnia;;it
4420;ruche;8800;colmena;;es
4420;ruche;8801;beehive;;en
4424;phénix;2268;bennu;;fr
4424;phénix;4085;phoenix;;en
4424;phénix;4086;phönix;;de
4424;phénix;4087;fenice;;it
4424;phénix;4088;fénix;;es
4425;poussin;4132;chick;;en
4425;poussin;4133;küken;;de
4425;poussin;4134;pulcino;;it
4425;poussin;4135;pollito;;es
4427;mouette;4050;gull;;en
4427;mouette;4051;möwe;;de
4427;mouette;4052;gabbiano;;it
4427;mouette;4053;gaviota;;es
4429;écoufle;453;milan;rapace;fr
4429;écoufle;3948;kite;;en
4429;écoufle;3949;weihe;;de
4429;écoufle;3950;nibbio;;en
4429;écoufle;3951;milano;ave;en
4432;vautour;3796;vulture;;en
4432;vautour;3797;geier;;de
4432;vautour;3798;avvoltoio;;it
4432;vautour;3799;buitre;;es
4436;cueillette;8425;gathering;;en
4436;cueillette;8427;recogida;;es
4436;cueillette;8429;raccolta;;it
4436;cueillette;8430;obstpflücken;;de
4436;cueillette;8431;blumenpflücken;;de
4515;grenouille;2792;rana;;es
4515;grenouille;2795;frog;;en
4515;grenouille;2799;frosch;;de
4562;tigre;2981;tiger;;en
4575;dioscures;435;castor.et.pollux;;fr
4581;boréades;221;calaïs;fils de borée;fr
4581;boréades;222;zétès;;fr
4583;dauphin;3080;delfin;;es
4583;dauphin;3081;dolphin;;en
4583;dauphin;3082;delfino;;it
4583;dauphin;3083;delphin;;de
4700;pique;8283;pike;;en
4700;pique;8284;pica;;es
4700;pique;8285;picca;;it
4807;étable;8847;cowshed;;en
4807;étable;8848;establo;;es
4807;étable;8849;stalla;;it
4807;étable;8850;viehstall;;de
4942;transfiguration;6283;verklärung.christi;;de
4942;transfiguration;6284;trasfigurazione.di.cristo;;it
4942;transfiguration;6285;transfiguracion;;es
4947;incrédulité.de.s.thomas;6209;thomaszweifel;;de
4947;incrédulité.de.s.thomas;6210;incredulity.of.st.thomas;;en
4947;incrédulité.de.s.thomas;6211;incredulità.di.s.tommaso;;it
4947;incrédulité.de.s.thomas;6212;incredulidad.di.s.tomas;;es
4982;lac.de.tibériade;759;mer.de.kinnérèt;;fr
4995;tympan;5439;giebelfeld;;de
4995;tympan;5440;tympanum;;en
4995;tympan;5441;timpano;;it
5020;s.georges;1142;djurdjîs;;en
5042;merle;4038;blackbird;;en
5042;merle;4039;amsel;;de
5042;merle;4040;merlo;uccello;it
5042;merle;4041;mirlo;;en
5148;panthère;2919;pantera;;en
5148;panthère;2920;panther;;en
5153;mineur;7751;bergmann;;de
5153;mineur;7752;grubenarbeiter;;de
5153;mineur;7754;minero;;es
5153;mineur;7756;minatore;;it
5153;mineur;7757;miner;;en
5154;hyène;3140;hiena;;es
5154;hyène;3141;hyena;;en
5154;hyène;3142;hyäne;;de
5154;hyène;3143;iena;;it
5157;triomphe.de.la.mort;8913;triumph.des.todes;;de
5157;triomphe.de.la.mort;8914;trionfo.della.morte;;it
5157;triomphe.de.la.mort;8915;triunfo.de.la.muerte;;es
5157;triomphe.de.la.mort;8916;triumph.of.death;;en
5169;proditio;1026;trahison;personnification;fr
5171;maladie;835;enfermeté;;es
5795;satyre;1098;faune;démon champêtre;fr
5795;satyre;6492;satiro;;it
5795;satyre;6493;satyr;;en
6177;bénitier;4483;stoup;;en
6177;bénitier;4484;weihwasserbecken;;de
6177;bénitier;4551;acquasantiera;;it
6177;bénitier;4552;pila.de.agua.bendita;;es
6181;champignon;10798;pilz;;de
6181;champignon;10799;hongo;;es
6181;champignon;10800;fungo;;it
6181;champignon;10801;mushroom;;en
6182;coquillage;3188;shellfish;;en
6182;coquillage;3189;muschel;;de
6182;coquillage;3190;conchiglia;;it
6182;coquillage;3191;concha;;es
6429;pigeon;952;ectopiste;;en
6429;pigeon;4097;taube;;de
6429;pigeon;4098;piccione;;it
6500;perchoir;951;juchoir;;fr
6500;perchoir;8886;perch;;en
6500;perchoir;8887;percha;para aves;es
6500;perchoir;8888;posatoio;;it
6500;perchoir;8889;vogelstange;;de
6587;dieu.fleuve;6532;dios.rio;;es
6587;dieu.fleuve;6533;flussgott;;de
6587;dieu.fleuve;6534;dio.fluviale;;it
6587;dieu.fleuve;6535;river.god;;en
6600;volcan;5318;vulkan;;de
6600;volcan;5319;volcano;;en
6600;volcan;5320;vulcano;monte;it
6637;plume;4121;feather;;en
6637;plume;4122;feder;;de
6637;plume;4123;penna;;it
6637;plume;4124;pluma;;es
6675;blaireau;3012;dachs;;de
6675;blaireau;3013;tasso;;it
6675;blaireau;3014;badger;;en
6675;blaireau;3015;tejon;;en
6920;faon;3097;rehkalb;;de
6920;faon;3098;cerbiatto;;it
6920;faon;3099;fawn;;en
6920;faon;3100;cervatillo;;es
6921;renne;2946;reno;;en
6921;renne;2947;reindeer;;en
6921;renne;2948;renna;;it
6921;renne;2949;renntier;;de
6922;daim;3076;daino;;it
6922;daim;3077;damhirsch;;de
6922;daim;3078;fallow.deer;;en
6922;daim;3079;gamo;;es
6923;chat.sauvage;3052;gato.montes;;es
6923;chat.sauvage;3053;wildcat;;en
6923;chat.sauvage;3054;gatto.selvatico;;it
6923;chat.sauvage;3055;wildkatze;;de
6924;loutre;2861;fischotter;;en
6924;loutre;2862;lontra;;it
6924;loutre;2863;otter;;en
6924;loutre;2864;nutria;;es
6926;chenil;7140;kennels;;en
6926;chenil;7141;canile;;it
6926;chenil;7142;perrera;;es
6926;chenil;7143;hundezwinger;;de
6929;flair;7174;spürsinn;;de
6929;flair;7175;olfato;;es
6929;flair;7176;fiuto;;it
6929;flair;7177;smell;dogs;en
6931;curée;7148;quarry;;en
6931;curée;7149;pasto;caccia;it
6931;curée;7150;encarna;;es
6931;curée;7151;jagdanteil;;de
6935;appât;7100;köder;;de
6935;appât;7101;cebo;;es
6935;appât;7102;esca;;it
6935;appât;7103;bait;;en
7273;fromage;8466;cheese;;en
7273;fromage;8467;queso;;es
7273;fromage;8468;formaggio;;it
7273;fromage;8469;käse;;de
7280;rossignol;3752;nightingale;;en
7280;rossignol;3753;nachtigall;;de
7280;rossignol;3754;usignolo;;it
7280;rossignol;3755;ruisenor;;es
7386;bâton.cantoral;4480;cantoral.staff;;en
7386;bâton.cantoral;4546;bastone.cantorale;;it
7668;vizir;7610;vizier;;en
7668;vizir;7611;visir;;es
7668;vizir;7612;wesir;;de
7668;vizir;7613;vezier;;de
7717;défécation;9081;stuhlgang;;de
7717;défécation;9082;defecazione;;it
7717;défécation;9083;defecacion;;es
7717;défécation;9084;defecation;;en
7808;bouquet;10407;strauss;;en
7808;bouquet;10408;ramo;;es
7808;bouquet;10409;mazzo;;it
7808;bouquet;10410;bunch;;en
7895;fouine;3103;steinmarder;;de
7895;fouine;3104;faina;;it
7895;fouine;3105;stone.marten;;en
7895;fouine;3106;garduna;;es
7900;affiche;5796;poster;;en
7900;affiche;5797;anschlag;;de
7900;affiche;5798;cartellone;;it
7900;affiche;5799;cartel;;es
8141;récolte;8631;ernte;;de
8141;récolte;8632;raccolto;;it
8141;récolte;8633;recoleccion;;es
8141;récolte;8634;picking;;en
8253;repose.pied;10639;footrest;;en
8253;repose.pied;10640;poggiapiedi;;it
8253;repose.pied;10641;reposapies;;fr
8253;repose.pied;10642;fussstütze;;de
8430;oronte;932;nahr.al.asi;;fr
8675;pigeonnier;953;colombier;;fr
8675;pigeonnier;8890;taubenschlag;;de
8675;pigeonnier;8891;piccionaia;;en
8675;pigeonnier;8892;palomar;;en
8675;pigeonnier;8893;dovecote;;en
8712;phoque;2925;foca;;es
8712;phoque;2926;seal;;en
8712;phoque;2927;seehund;;en
8713;homard;2815;bogavante;;es
8713;homard;2816;astice;;it
8713;homard;2817;hummer;;en
8713;homard;2818;lobster;;en
8714;crabe;2803;granchio;;it
8714;crabe;2804;crab;;en
8714;crabe;2805;krabbe;;de
8714;crabe;2806;cangrejo;;es
8875;chasuble;5045;messgewand;;de
8875;chasuble;5046;pianeta;liturgia;it
8875;chasuble;5047;casulla;;en
8885;antilope;2990;antelope;;en
8890;belette;2999;wiesel;;en
8890;belette;3000;donnola;;it
8890;belette;3001;weasel;;en
8890;belette;3002;comadreja;;es
9213;lierre;10998;efeu;;de
9213;lierre;10999;hiedra;;es
9213;lierre;11000;edera;;it
9213;lierre;11001;ivy;;en
9277;aiguillon;8820;ochsenstock;;de
9277;aiguillon;8821;pungolo;;it
9277;aiguillon;8822;aguijada;;es
9277;aiguillon;8823;goad;;en
9286;loir;2853;liron;;fr
9286;loir;2854;siebenschläfer;;de
9286;loir;2855;dormouse;;en
9286;loir;2856;ghiro;;en
9287;lynx;2865;lince;;es
9287;lynx;2866;luchs;;de
9290;oryx;2913;orice;;it
9290;oryx;2914;orix;;en
9293;taupe;2973;topo;;es
9293;taupe;2974;mole;;en
9293;taupe;2975;talpa;;it
9293;taupe;2976;maulwurf;;de
9296;vipère;3271;viper;;en
9296;vipère;3272;vipera;;it
9296;vipère;3273;vibora;;es
9427;rhinocéros;2950;nashorn;;de
9427;rhinocéros;2951;rinoceronte;;es
9440;trèfle;11291;clover;;en
9440;trèfle;11292;trifoglio;;it
9440;trèfle;11293;trebol;;es
9440;trèfle;11294;klee;;en
9590;caracalla;323;aurelius.antoninus.bassianus;;fr
9590;caracalla;324;aurelius.severus.antoninus;;fr
9642;siracide;1265;éléazar.de.jérusalem;;fr
9642;siracide;1266;jésus;fils de sira;fr
9694;cagoule;8336;kutte;;de
9694;cagoule;8337;cocolla;;en
9694;cagoule;8338;capirote;;it
9694;cagoule;8339;cogulla;;es
9694;cagoule;8340;hood;;en
9694;cagoule;8341;cowl;;en
9695;flagellant;5091;flagellante;;it
9695;flagellant;5092;flagelante;;es
9696;signe.de.croix;5177;sign.of.the.cross;;en
9696;signe.de.croix;5178;zeichen.des.kreuzes;;de
9696;signe.de.croix;5179;segno.della.croce;;it
9696;signe.de.croix;5180;senal.de.la.cruz;;es
9776;gazelle;3111;gazzella;;it
9776;gazelle;3112;gacela;;en
9987;nasse;7206;lobster.pot;;en
9987;nasse;7207;nassa;;it
9987;nasse;7208;nasa;;es
9987;nasse;7209;fischreuse;;de
9992;murène;3484;moray;;en
9992;murène;3485;muräne;;de
9992;murène;3486;murena;;it
10104;apiculture;8824;beekeeping;;en
10104;apiculture;8825;apicultura;;es
10104;apiculture;8826;apicoltura;;it
10104;apiculture;8827;bienenzucht;;de
10397;ménades;865;bacchantes;;en
11165;chacal;3038;schakal;;de
11165;chacal;3039;sciacallo;;it
11165;chacal;3040;jackal;;en
11168;saillie;1094;accouplement;chevaux;fr
11168;saillie;1095;copulation;chevaux;fr
11168;saillie;3165;monta;;it
11168;saillie;3166;covering;;en
11168;saillie;3167;bespringen;;de
11172;champs;8706;felder;;de
11172;champs;8707;campi;;it
11172;champs;8708;campos;;es
11172;champs;8709;fields;;en
11175;lasso;7202;lazo;;es
11176;francolin;3979;frankolin;;de
11176;francolin;3980;francolino;;it
11181;ivoirier;9938;ivory.carver;;en
11181;ivoirier;9939;marfilero;;es
11181;ivoirier;9940;scultore.in.avorio;;it
11181;ivoirier;9941;elfenbeinschnitzer;;de
11185;mangouste;805;ichneumon;mammifère;fr
11185;mangouste;2867;mangusta;;en
11185;mangouste;2868;mongoose;;en
11185;mangouste;2869;mangosta;;es
11231;ascète;5012;ascetic;;en
11231;ascète;5013;asket;;en
11231;ascète;5014;asceta;;es
11529;outarde;4061;bustard;;en
11529;outarde;4062;trappe;vogel;de
11529;outarde;4063;otarda;;it
11529;outarde;4064;avutarda;;it
12002;essaim;3653;swarm;;en
12002;essaim;3654;schwarm;;de
12002;essaim;3655;sciame;;it
12002;essaim;3656;enjambre;;es
13833;maillet;10563;mallet;;en
13833;maillet;10564;mazzuolo;;it
13833;maillet;10565;mazo;;es
13833;maillet;10566;klöpfel;;en
13859;arashin;1791;arachis;vizir;fr
15755;syméon;2121;s.syméon;fête: octobre 08 et février 03;fr
16176;auteur;5804;writer;;en
16176;auteur;5805;author;;en
16176;auteur;5806;schriftsteller;;de
16176;auteur;5807;autor;;es
16176;auteur;5808;autore;;it
17322;servante;6559;servidora;;es
17322;servante;6560;dienerin;;de
17322;servante;6563;serva;;it
17322;servante;6564;maidservant;;en
18236;phylactère;9845;phylactery;;en
18236;phylactère;9846;filacteria;;es
18236;phylactère;9847;filatterio;;it
18236;phylactère;9848;schriftband;;de
